PERSON,Count
nelson mandela,501
chang,351
bloomberg,319
cory johnson,234
tom keene,208
matt miller,181
ben bernanke,181
putin,174
tom,166
mandela,165
jon erlichman,150
obama,123
mark zuckerberg,122
janet yellen,111
bloomberg west',107
paul,106
johnson,104
david,101
caroline hyde,99
peter cook,98
michael mckee,93
john,92
betty liu,90
erik schatzker,90
ron burgundy,89
adam johnson,80
larry,80
bobby,78
john boehner,78
matt,78
paul ryan,75
michael,73
vladimir putin,72
clinton,71
kerry,70
mike,64
dickens,63
max,63
mark crumpton,62
john kerry,61
carl icahn,60
jeff bezos,59
william morris,59
david tweed,58
harry reid,58
angela merkel,57
patty murray,56
john donahoe,54
su keenan,54
warren,53
phil,53
♪ ♪,52
hans nichols,50
joe,49
margaret carlson,48
julie hyman,48
ebay,47
marijuana,47
jim,47
mark carney,46
mikhail khodorkovsky,46
tim cook,46
jeff,45
nelson mandela's,45
bloomberg west,44
mark barton,44
joseph,44
rick horrow,43
jordan,42
jack,42
steve,42
♪  good morning,41
alan,41
williams,41
bernanke,40
margaret,40
peter,40
max baucus,38
bush,38
zuckerberg,36
jpmorgan,34
deirdre bolton,33
martin scorsese,33
madeleine albright,33
jesus,31
dan,31
hillary clinton,30
julianna goldman,30
guy johnson,30
eric,30
chris van hollen,29
jamie dimon,28
alan greenspan,28
paul ryan's,28
sheryl sandberg,28
bolton,28
alan mulally,27
martin,27
robert,27
ralph,27
ralph lauren,26
jack dorsey,25
david marcus,25
tim,25
rachael,25
john podesta,25
a&e,24
michael jordan,24
hilton,24
carol massar,24
chris,24
ben bernanke's,24
jim delany,24
god,24
anna edwards,23
ron wyden,23
elliott gotkine,23
erik,23
pimm fox,23
kevin,23
cheney,23
edward snowden,22
steve schwarzman,22
kim jong,22
rob portman,22
charlie,22
eric schmidt,21
kyle bass,21
twitter,21
dan ackerson,21
yang yang,20
nelson,20
brian,20
jay-z,20
gary gensler,20
richard branson,20
metadata,20
al hunt,20
hockey,20
taylor,19
lanhee chen,19
elliott,19
scott davis,18
adam,18
phil robertson,18
cristina alesci,18
julie,18
alex,18
david kirkpatrick,18
bill ackman,18
mary barra,18
mike mckee,17
john paulson,17
dr.,17
reagan,17
barry,17
lee,16
jonathan ferro,16
paul volcker,16
chris christie,16
steve ballmer,16
eu,16
khodorkovsky,16
sam grobart,16
al.,16
michael steinberg,16
bill clinton,16
david cameron,15
bob,15
benjamin netanyahu,15
saul goodman,15
sheldon adelson,15
richard serra,15
mark greenberg,15
pope francis,15
kevin roberts,15
netanyahu,15
andreessen horowitz,15
bill gates,15
carl,14
lloyd blankfein,14
richard,14
♪,14
george w. bush,14
maynard webb,14
bloomberg businessweek,14
steinberg,14
peter guber,14
justin timberlake,14
steve cohen,14
paul allen,14
marissa mayer,14
al kelly,14
dean,13
kobe,13
jack lew,13
john malone,13
george,13
sam,13
bloomberg west.,13
john mccain,13
james,13
peter orszag,13
christine lagarde,13
ben,12
walter mitty,12
wolf,12
john collins,12
steve miller,12
gary,12
satya nadella,12
adam levine,12
bernie,12
david plouffe,12
john chen,12
george osborne,12
mitch mcconnell,12
bill russell,12
joe biden,12
andy,12
apps,11
ron,11
mia saini,11
gandhi,11
elizabeth warren,11
jim o'neill,11
street smart,11
chris mullin,11
seth abraham,11
david stockman,11
austin,11
paul jacobs,11
susan rice,11
michael novak,11
kim,11
dennis rodman,11
duncan,10
andy rubin,10
rupert murdoch,10
angela merkel's,10
jim rogers,10
jeffrey katzenberg,10
john walcott,10
johnny cupcakes,10
matt miller's,10
cohen,10
mark andreessen,10
tom colicchio,10
kevin johnson,10
chris kelly,10
abe,10
stan druckenmiller,10
john leonard,10
bob nardelli,10
wendy liebman,10
ron johnson,10
yingluck,10
mark zuckerberg's,10
bloomberg tv,10
peter thiel,10
corey,10
nicholas thompson,10
david ortiz,10
jason collins,9
hans,9
jerry seinfeld,9
michael dell,9
robert nardelli,9
tony abbott,9
chairman,9
bloomberg businessweek',9
conan o'brien,9
jordan belfour,9
adam parker,9
dennis,9
kim jong-il,9
rick,9
bill gross,9
jeffrey rosenberg,9
kyle,9
bill,9
louis vuitton,9
mark,9
robert de niro,9
jackie robinson,9
jacob zuma,9
jim delany's,9
michael jackson,9
jack white,8
dan hurwitz,8
peter o'toole,8
oracle,8
mohamed el-erian,8
michelle meyer,8
charlie patton,8
matthew,8
mike tyson,8
elizabeth,8
david stern,8
linda,8
brady,8
president,8
doom,8
jony,8
bob marley,8
howard buffett,8
mitt romney,8
david miliband,8
bonnie,8
silicon valley's,8
dwight howard,8
boehner,8
alexander payne,8
charles dickens,8
james franco,8
mary,8
heidi przybla,8
bitcoin,8
hugh jackman,8
arafat,8
jessica seinfeld,8
bob worthington,8
johnny carson,8
thomas,8
daniel o'connor,8
jeffrey hayzlett,8
danny,8
betty liu.,7
joe torre,7
li,7
bobby cox,7
stephen engle,7
george soros,7
jean king,7
scott galloway,7
brendan greeley,7
jay carney,7
tony larussa,7
hillary,7
peter lynch,7
ralph lauren's,7
don,7
andrew wilson,7
black,7
harvey weinstein,7
uncle sam,7
blackrock,7
david einhorn,7
audi,7
dick cheney,7
ralph schlosstein,7
murphy,7
johnny-come-lately,7
michael kors,7
stephen hester,7
howard,7
george bush,7
nick,7
judi dench,7
bruce ratner,7
d.c,7
harry,7
bloomberg.,7
peter gabriel,7
alphabet soup,7
michael spence,7
rabin,7
jerry bruckheimer,7
jonathan,7
magic johnson's,7
ron wyden's,7
ron wyden join,7
larry bird,7
dave camp,7
dan rosensweig,7
aig,7
stephanie,7
carl icahn's,6
paul goldberger,6
paul aitken,6
tim armstrong,6
robin li,6
joe brusuelas,6
jonathan miller,6
jesus christ,6
mary cheny,6
mustang,6
john dawson,6
zara,6
eva longoria,6
nancy,6
matthew dowd,6
michelin,6
ferrari,6
michael smith,6
jcpenney,6
jason,6
matt campbell,6
ande,6
jerry,6
rob ford,6
bill roden,6
margaret thatcher,6
desmond tutu,6
david ogilvy,6
beyoncé,6
tiffany,6
raji arasu,6
jamie,6
tom gibson,6
raul castro,6
kathleen sebelius,6
david thompson,6
tony,6
square,6
jim grant,6
martha,6
chuck hagel,6
jos,6
peter oppenheimer,6
adam mckay,6
larry ellison,6
elizabeth taylor,6
keene,6
chris nassetta,6
mark pincus,6
randi zuckerberg,6
religion,6
john paul ii,6
george washington,6
james andrew miller,6
yang,6
bob kerrey,6
billy joel,6
mike simpson.,6
bob eiger,6
paul kedrosky,6
downton abbey,6
michael noonan,5
oprah winfrey,5
michael waxman,5
ofyou,5
gwyneth paltrow,5
don thompson,5
robert skidelsky,5
dan aykroyd,5
♪  30 minutes,5
weinstein,5
george clooney,5
q4,5
charlie cook,5
dennis crowley,5
graham,5
greenspan,5
rachael ray,5
tim tebow,5
baker,5
ira jersey,5
richard falcon,5
matthew miller,5
shirley,5
john thompson,5
jeff rosenberg,5
barry ritholtz,5
ed koch,5
jerky.,5
kathleen hunter,5
henry ford,5
nigella lawson,5
andrea,5
elon musk,5
peter long,5
henry,5
bob rice,5
william lauder,5
joshua tetrick,5
bloomberg surveillance',5
sarah,5
roger,5
wendy,5
tom wheeler,5
agua dulce,5
adidas,5
norman rockwell,5
michael wolf,5
katzenberg,5
mayo,5
yasser arafat,5
robert kaplan,5
su,5
♪  budget,5
kim jong-un's,5
yingluck shinawatra,5
jim mckelvey,5
ashton kutcher,5
jonathan gray,5
mosaic,5
lynn,5
steve mollenkopf,5
scott,5
kohl,5
nathan bostock,5
fred wilson,5
bloomberg surveillance,5
jimmy carter,5
jennifer lawrence,5
john cummings,5
lauren,5
chris bosh,5
ronald lauder,5
jason glassberg,5
stanley fischer,5
michael bloomberg,5
resident obama,4
sarah frier,4
virgin australia,4
brian jorgensen,4
jessica,4
ticket,4
george steinbrenner,4
inre,4
tom carper,4
marc prioleau,4
john allen,4
realist,4
norah jones,4
bobby flay,4
nichols,4
chip wilson,4
robbert van batenburg,4
andy lynch,4
ryan chilcote,4
john glenn,4
greg,4
shimon peres,4
tom shapiro,4
cordon bleu,4
tom perez,4
anna,4
mastercard,4
angela,4
reid,4
liquidity,4
heston blumenthal,4
raymond james,4
bill isaac,4
berry,4
trish regan,4
la quinta,4
paula,4
william ernest henley,4
beacon,4
o'brien,4
bob simon,4
donald,4
frank sesno,4
cybercenter,4
tim hardaway,4
♪ ♪  live,4
albert einstein,4
dan gallagher,4
ken burns,4
dick costolo,4
bloomberg west monday,4
jacques tati,4
pope,4
jerry lewis,4
joe pesci,4
snowden,4
william,4
jordan belfort,4
nick thompson,4
hilton worldwide,4
brian de palma,4
♪  carl icahn,4
doug parker,4
michael schumacher,4
bloomberg tv plus,4
martin luther king,4
david dinkins,4
jesse,4
suarez,4
al,4
thomas edison,4
vladimir lenin,4
cheryl,4
lemon jefferson,4
louis armstrong,4
shinzo abe,4
robert johnson,4
ipod blues,4
android,4
peter fisher,4
a robert frost,4
tom giles,4
wes anderson,4
kate,4
draghi,4
dennis villeneuve,4
coen,4
johnny,4
dante,4
bob dylan,4
alex jones,4
john.,4
barbara,4
tim cook's,4
ford,4
pre-k's,4
bill ford,4
mary jo white,4
jordan belford,4
ben affleck,4
carter,4
bill lachman,4
george lucas,4
paul krugman,4
pimm fox.,4
guest,4
dave,4
webster,4
paul thomas,4
lockheed martin,4
andy rubin's,4
saddam hussein,4
alan greenspan's,4
tom brady,4
kim jong-un,3
janet yellen's,3
jim bakker,3
lebron james,3
conagra,3
paul romer,3
abraham lincoln,3
helicopter ben,3
tony bates,3
jeffrey,3
mike workman,3
alan mulally's,3
vladimir putin's,3
pat leahy,3
♪ ♪ ♪,3
nfl postseason,3
mel watt,3
taxpayers,3
♪  2013,3
bruckheimer,3
dana loberg,3
peter jackson's,3
dmitry medvedev,3
g.d.p,3
joe gillespie,3
david copperfield,3
machel,3
-- hilton,3
dan loeb,3
douglas fir,3
john donner,3
charlie brown,3
tiffany branding,3
adam lithacore,3
justin bieber,3
john donaho,3
detective loki,3
castro,3
jerry greenwald,3
mark royce,3
kanye,3
biden,3
martin eberhard,3
james cameron,3
lululemon,3
lucy,3
stephen englander,3
gina martin,3
aung san suu kyi,3
ben franklin,3
f.w. de klerk,3
warren buffett's,3
steve daley,3
josh,3
bob parker,3
francine lacqua,3
light,3
tim clark,3
stockman,3
david wu,3
john borthwick,3
tim adams,3
roger altman,3
lamar smith,3
kiva,3
prince harry,3
strawberry,3
james bevan,3
betty liu's,3
david petraeus,3
graham fisher,3
nymex,3
hussein,3
karzai,3
bob benmosche,3
john weiner,3
bridgewater,3
ken hoffman,3
jim records,3
xbox one,3
big,3
sam ♪ ♪,3
guiana,3
ellen zentner,3
easy e.,3
elton john,3
richard nixon,3
dan jansen,3
devin,3
jpmorgan chase,3
alice rivlin,3
andy warhol's,3
michelle richardson,3
ronald reagan,3
paul kagame,3
jfk,3
chris weafer,3
eddie lampert,3
stuart richardson,3
ron starr,3
bob stasio,3
alan harry,3
obama meeting,3
postseason,3
orrin hatch,3
n.s.a,3
john fahey,3
kick starter,3
dimon,3
russell,3
patty,3
eddie samberg,3
bryce,3
kim kardashian,3
paul schrader's,3
thor fridriksson,3
matthew beasley,3
james rogers,3
rolex,3
steve ballmer's,3
michael moore,3
ben bradlee,3
bill bratton,3
j.p.,3
skrillex,3
ali baba,3
mohammed wilkerson,3
jeff hayzlett,3
carl icon,3
john henry,3
andy samberg,3
jr smith,3
target,3
edmund lee,3
george orwell's,3
theng,3
mary berry,3
alex sherman,3
gene munster,3
stan,3
melissa meyer,3
jon,3
beyonce,3
william cohan,3
reid hoffman,3
matt dunford,3
paul goldberg,3
scott adams,3
norman foster,3
aly baba,3
mozart,3
banks,3
joe baratta,3
conrad hilton,3
brad pitt,3
bin laden,3
hyde,3
dick durbin,3
carson,3
theill,3
hesitant bird,3
lego,3
harry wilson,3
eddie lambert,3
betty,3
mccain,3
android head,3
mario gabelli,3
donald trump,3
♪  tomorrow,3
ethan,3
brian heater,3
craig,3
ireland,3
dan clifton,3
rodrigo,3
brian roberts,3
andy dolich,2
ani,2
paul carlson ryan's,2
marvin miller,2
rick horror,2
rich miller,2
margaret carlson lanhee chen,2
jeweler tiffany,2
mikael khodorkovsky,2
marc,2
michael o'leary,2
charles dumas,2
burgundy,2
nadella,2
♪ morning,2
freeman,2
starred tom cruise,2
paul roemer,2
neil borofsky,2
maryann keller,2
detail,2
christine quinn,2
♪  ben bernanke's,2
paula deen,2
nisb,2
areng,2
de klerk,2
laura bush,2
harry potter,2
james clapper,2
michelle,2
joe ross,2
lulu lemon,2
piggotts,2
graca machel,2
silicon valley,2
willt,2
jim carter,2
sergio marchionne,2
dennis stockman,2
jason cardiff,2
sherman williams,2
margaret talley,2
robert deniro,2
versus google,2
john f. kennedy's,2
john erlichman,2
ed whitaker,2
aeropostale,2
strahan,2
norman chan,2
bashar al-assad,2
evan,2
marissa meyer,2
broncos,2
john mayer,2
dol,2
roger runway,2
howard davis.th,2
howard davies,2
sebastian james,2
andhe,2
graham wyatt,2
emma,2
jonathan kay,2
janet,2
michael riley covers,2
thek,2
michael o'reilly,2
jeff barton,2
mark easier,2
ben brantley,2
john f. kennedy,2
robert f kennedy's,2
milton,2
thatat,2
mark antony,2
tim carol,2
stephen fry,2
jonathan bates,2
thomas peyton,2
gerald,2
alan mullally,2
tilton,2
jerk,2
carney,2
webster hall,2
john rogers,2
u.n,2
♪  ray kelly,2
rudy giuliani,2
john starks,2
rivlin,2
bonnie blair,2
david bowie,2
bloomberg consumer comfort,2
jeff zients,2
kyle larson,2
lulu,2
linda ronstadt,2
hannah,2
jeter bulletin,2
jettison,2
bill shuster,2
dawn kopecki,2
ronassy,2
tom barrett,2
tom barrack,2
bill frist,2
ralph waldo emerson,2
dvorak,2
arthur,2
kick,2
van buren,2
dave buren,2
klepierre,2
paul tramontano,2
qes,2
schumer,2
business,2
ken parker,2
kristin clayton,2
tommy,2
alterg,2
lindsay vonn,2
bloomberg stephanie ruhle,2
jon ehrlichman,2
paul jacob,2
♪  i am,2
sergey brin,2
beyoncé fans,2
harry leader,2
harry read,2
cozy,2
scott west scott,2
seth wescott,2
pimm,2
p-3 g.m,2
neil williams,2
gordon gekko,2
joe blow,2
patterson,2
peter jackson,2
weinberg,2
dealey,2
imr crumpton,2
scalia,2
anthony fox,2
jacob bush,2
jason carter,2
douglas holt,2
bob martin delhi,2
barry silbert,2
john kennedy,2
jim lansdown,2
doug,2
ackerson,2
bloomberg west editor,2
honda,2
g.m.,2
elizabeth moran,2
tesla,2
andas,2
damiani,2
aig bob,2
charles,2
michael turner,2
msci,2
sam grobart looks,2
andrew goldberg,2
johnnie,2
karaoke,2
m.d.,2
tim culpan,2
lebron,2
william morris',2
jim himes,2
peggy wallace,2
markerberg andreessen,2
steve cohan's,2
michael hansen,2
jon ferro,2
phil henry,2
brian kelly,2
e.u,2
richard hightower,2
steve cohen's,2
herbert,2
record highs,2
daniel hurwitz,2
jonathan tisch,2
a. steele,2
this?a chopsticks,2
da da da,2
john lennon,2
marshall,2
jason harper's,2
dell,2
tom warner,2
guess carl,2
baccarat,2
guardian;'g,2
dwight eisenhower,2
captures mandela's,2
stifel nicholas ray's,2
joiningu,2
george barrett,2
library,2
cameron,2
john lewis,2
george;,2
apps.,2
scaly snowing mountain,2
anne,2
patrick chung,2
tom friedman,2
persia,2
john miller,2
mac,2
z.,2
bill clinton's,2
george w. bush's,2
john makin,2
jack smith,2
adamden johnson,2
orszag,2
merkel,2
compromise tom,2
wang jianlin,2
mark yusko,2
david tepper,2
jon banner,2
bill ackman's,2
♪ wil,2
john taylor,2
hilton payday,2
ken thompson,2
jim karcher,2
brenton,2
♪\,2
jack hawkins,2
kenneth,2
robert.,2
hugh,2
shirley mcclain,2
fred kagan,2
kate mason,2
ashlee vance,2
andy levine,2
elliott gotkine reporting,2
watson,2
miller,2
john ferro,2
tesco,2
fred smith,2
ron bills,2
putin 3.0,2
ira,2
kagame,2
tony fernandez,2
buffett,2
john ehrlichman,2
gisele bundchen,2
mac pro,2
smart thermostats,2
♪  jason,2
claudia williams,2
ben junior,2
anastasia,2
paul murray,2
murray,2
james bond,2
pharma,2
dianne,2
mightu,2
quizup,2
aj edwards,2
oscar mendoza,2
devon,2
mark zandi,2
eric rosengren,2
wilson,2
jersey,2
michael mckee matt miller,2
charles schumer,2
jack reed,2
tristan walker,2
bass,2
davis,2
van loads,2
robin,2
britney,2
peter burke,2
emilyson chang,2
thermo fisher,2
christopher,2
b.p,2
ralph lifshitz,2
diane,2
warren helstein,2
edison,2
terry,2
gary shilling,2
marvin,2
oprah,2
martin scorsese's,2
wel,2
ben jones,2
dan connors,2
horowitz,2
brian marshall,2
patton,2
amazon,2
tom conlin's,2
aon splash,2
eric schneiderman,2
michael purvis,2
♪  ',2
catherine keener,2
kramer,2
leo,2
jake lamotta,2
leonardo dicaprio's,2
♪  jonah hill,2
john brunner,2
mubarak,2
dodd,2
crocs,2
dick,2
rachel mcadams,2
tom carroll,2
steve bell,2
monday;e,2
charlie merrill,2
.30,2
bernstein,2
david brooks,2
lee daniels,2
howard hughes,2
idris elba,2
victoria,2
sydney australia,2
justine,2
gary v,2
ais,2
david gorodyansky,2
roy lichtenstein,2
neil,2
jamie dimon's,2
ruden released,2
trumps,2
darth vader,2
larry david,2
john walsh,2
peter king,2
henry chow,2
bloomberg television,2
phyllis,2
steve coogan,2
teddy,2
cerberus,2
popgan,2
mary ross gilbert,2
jay-z.,2
elon musk's,2
gibbs,2
haier electronics,2
john vickers,2
william rueben,2
story.s,2
btv+,2
howard davidowitz,2
miller samuel,2
roger farah,2
bloomberg brink,2
workds,2
cooper,2
heinz ketchup,2
albright,2
kit juckes,2
rand paul,2
james her,2
hill ferguson,2
familynt obama,2
isi,2
burberry,2
george orwell,2
john deere,2
bitcoin jesus,2
jim glickenhaus custom,2
scott brown,2
chuck schumer,2
john mcardle,2
j.c. penney,2
david kirk,2
mark shoen,2
jim afford,2
♪  jim glickenhaus,2
bradley cooper,2
allen greenspan,2
rachel crane,2
peter newcomb,2
steve mcqueen,2
tebow,2
simon,2
gary greenberg,2
performer,2
porter bibb,2
jim glickenhaus,2
max ganik,2
paul smith,2
richard falkenrath,2
jeff katzenberg,2
tim schwartz,2
ernest borgnine,2
shelley,2
bob dylan's,2
♪  happy,2
bert flickinger,2
ben bradlee jr.,2
aboutre,2
jeff grossman,2
movielala,2
mark matthews,2
bloomberg businessweek's,2
anthony fletcher,2
smaug,2
john herman,2
sonya,2
randy zuckerberg,2
sonya sotomayer,2
nickelodeon,2
david burd,2
libby,2
mickey mouse,2
malcolm,2
favre aon,2
jim rickards,2
mindy grossman,2
nigeria,2
james thurber,2
ron howard,2
todd horwitz,2
david nevins,2
victoria harbour,2
regina chapman,2
jamie foxx,2
henry james,2
wrigley,2
brian bergstein,2
la ♪ la,2
rob,2
mark wahlberg,2
mike smith,2
peter berg,2
david fincher,2
matt moore,2
iris,2
♪ ♪  this,2
jerry seinfeld's,2
malcolm gladwell,2
lisa powell,2
easier,2
george say,2
peter.,2
marissa,2
steve conrad,2
john paulson's,2
kyle orton,2
betty.,2
charlie henan,2
jacoby,2
scott garrett,2
john doerr,2
jesse owens,2
colin powell,2
alan mulally?,2
laxton,2
magellan,2
exchanges;e,1
the a. thmplet c. leadership,1
♪  john malone,1
peter teal,1
ralph mayer,1
♪ class,1
michael waldorf,1
anchorman,1
tom carver,1
randy zuckerman,1
the hilton ipo,1
sweeney.s paul,1
deliver.e,1
hewlett acord,1
w. bush,1
joseph offer,1
obama care,1
g.m,1
mark fields,1
k.t,1
jim fairley,1
strategyedy,1
linda jackson,1
innna,1
governmentfrica,1
marjorie ed scardino,1
sally,1
nd bloomberg consumer comfort,1
anchorman bold,1
torle,1
angela lee,1
jay fisher,1
bill cohen,1
silicon l.a,1
♪ l.a.,1
money d wilson,1
deirdra,1
kwu,1
dan deming,1
crinkles,1
ellen zender,1
janet yellin,1
arnie sorenson,1
wallis simpson,1
eric class,1
giuliana goldman,1
robert keane,1
knowr,1
difficultng,1
youy reid,1
nolan freeman,1
doritos,1
spoke;n,1
george saying,1
marc andreessen's,1
don gibbs,1
currency;ason,1
nelson andela,1
tom testifying,1
intoben bernanke,1
mentora,1
eric foss,1
jonathan heller,1
jamie diamond,1
jonathan keller,1
james foster,1
arnold schwarzenegger,1
van gogh,1
mike jeffries,1
bernard montgomery.,1
kualaia,1
ac ♪  this,1
jrcelski,1
brandon zweibel,1
peter raskin,1
goode blair,1
david coke,1
k-12,1
mintz,1
james murphy,1
bryce dallas,1
clark,1
♪  john strickland,1
interview;d,1
john strickland,1
dongfeng,1
eckistan,1
beck,1
scotch ♪,1
rick coro,1
arnie duncan,1
scotch scotch,1
m. don,1
showingferrell,1
stanley fischel,1
tony tyler,1
mulally,1
darrell russell,1
melvin,1
hassamsung,1
west t.',1
tunisia,1
bought hilton,1
amongc,1
hippie van,1
yap yap yapping,1
bono,1
roston,1
readyomberg,1
keenan,1
jonathan farrow,1
michael lewis,1
braces,1
♪  hilton,1
coll peterson,1
malawi,1
kathleen brooks,1
tom vill,1
allen,1
aen sebelius called,1
beene port,1
toson mandela,1
phil fisherly,1
obama handles,1
downtick,1
woulde,1
robert -- hugh,1
crocker areke,1
nelsonfrica,1
newill,1
eu fines,1
mongolia,1
andy wall,1
grassley,1
itwhen,1
franz,1
schlosstein,1
midnight.t,1
white south africans,1
stan fischer,1
madev archer's,1
jameer nelson,1
john toenspan,1
roger ferguson,1
robert hall,1
jpmorgan north,1
david betgurian,1
clara camapos,1
nicemebody,1
chubby,1
sam grobart joins,1
yourm,1
john boener,1
better.s,1
nelson mandela memorial,1
doesn'tharter,1
tom keene-sized,1
jobs,1
john wall court,1
bernie madoff,1
thanl,1
romney,1
peopledo,1
shakespeare,1
joe biden's,1
robert hoopes,1
andrew,1
ding,1
blackrock;ellan,1
a. itia,1
lunch ofnt,1
him,1
taking hilton,1
kenny,1
david goliath,1
catherine,1
jobthen price's,1
runn,1
biz ston twitter,1
it.to,1
mcconnell durbin,1
dollar.s,1
charles kenny,1
o'leary,1
alex do,1
evercorelosstein,1
ralph schlosstein's,1
screams matt miller,1
gotham moment,1
mario draghi,1
john cornyn,1
nation,1
ken,1
richard duchenne,1
joe marotta,1
jay leno,1
pitbull,1
dan ackerman,1
stan o'neal,1
tyler moore,1
john vogel,1
craig moffett,1
michael stenberg,1
dubbed remix,1
mario joshi's,1
al hunt joins,1
coaster.s,1
dangelo,1
obama.,1
moreis bill,1
marco rubio,1
plan b.,1
johnson jcpenney,1
alan mullally's,1
west johnson,1
dennotesrchid creativity,1
kooky,1
james r.i.m.,1
bloomberg radio plus,1
joshua rosner,1
midseason,1
cantor fitzgerald,1
bloomberg chief,1
bloomberg surveillance worldwide,1
mario cavalli,1
white tim cook,1
george deliver,1
market;t,1
steve mullen,1
qualcomm;oft,1
onan o'brien,1
gretchen mortenson,1
brad delong,1
michael hamel,1
host davidour guest plouffe,1
brad stone,1
keene one,1
tom connolly,1
connolly,1
leon,1
tom keenet,1
g.m.'s,1
john snow,1
hillary clinton's,1
withle bass --kyle bass,1
youf,1
martha stewart,1
dan lamplight,1
alan mulally entirely,1
meredith whitney,1
the king,1
david plus,1
vix,1
needh liquidity,1
eddie ishaq,1
sure.u,1
john earlier,1
♪ x,1
theill fed,1
exley,1
emily chang,1
johnny cash's,1
john long,1
mustang coming,1
ron burgundy's,1
jay,1
anddwarf,1
llelyn davis',1
♪ ♪  in,1
van hollen,1
angel network,1
anne simpson,1
google apps,1
rise;ointreau,1
a.,1
el toro,1
jeff explain.n,1
george traditional,1
learnwashington,1
jacob gabbana,1
au'll,1
netlist,1
obama laid,1
elementberg west,1
bloomberg west's,1
coincidence,1
stock gm,1
funds;e,1
g.  that,1
rick six percent,1
call.t,1
kinda tricky,1
reallyn,1
robert menendez,1
bernie lo noing,1
meeta,1
elizabeth smart,1
rob edition,1
anne fox,1
murdoch,1
mulberry,1
gotkine,1
timothy adams,1
mahmoud,1
pulse;'is,1
kwai,1
theburen,1
tripp,1
kim jong's,1
has5 pounds,1
loweringhy,1
forward andg,1
counselor,1
george osborne -- smith,1
alan pricesan,1
thro,1
ron burgundy scott,1
darwin million,1
bernanke told,1
jong un,1
mike donald,1
areof mcdonald's,1
manye,1
♪  guillermo del toro,1
binion ginsberg,1
ginsburg,1
markets;e,1
thomas knoll,1
mary jo white.,1
chips.e,1
ukraine,1
michael o'hanlon,1
yourel o'hanlon,1
kenneth benson,1
norman rockwell's,1
j.c.,1
bruce berkowitz,1
mustang buyer,1
jeoe baratta,1
barata,1
'omberg ♪,1
carey,1
kyle bass's,1
jim hershman,1
hemingway,1
jeremy,1
♪ money,1
darrell jabbar,1
noun,1
mark ark,1
kyl,1
jesus mary,1
carl bass,1
insiderhe,1
stan jonathan miller,1
steve kyle,1
liter ego boost,1
hudson taylor,1
\,1
kitty matey,1
ron argan,1
bash,1
jong un's,1
kim yong -- kim kim jong,1
tatiana kal penn,1
speakingo,1
bowman,1
alan mul ally,1
becomellen,1
aboutlk,1
più zhou,1
fisher,1
spielberg,1
peace.r,1
jeff hazel,1
kreld,1
sun edison ven,1
no1990,1
brian jones,1
theynfl,1
♪  quirky turns,1
good tom,1
louis vitton,1
ben kaufman,1
is.t,1
simpson,1
g. chinese,1
jerry stewart,1
wantinga,1
jacob blackstock,1
♪ jobohn maye,1
kiev.,1
jonathan kaplan,1
event anmberg,1
van holland,1
jon erlichman's,1
hollen,1
marketse,1
bob nkirk,1
halfing hunter,1
bernie mad jpmorgan chase,1
closegan,1
workan,1
stephan winkleman,1
joseph a. bank,1
sidewayss,1
ryan,1
steve malakoff,1
liz taylor,1
bregier inth,1
sophia lorraine,1
bill pat,1
aston martin,1
glenn stevens,1
parker staying,1
john maynard,1
harry dexter white,1
spxre talking,1
weyice,1
sophia loren,1
rob lafranco,1
g. gfang,1
onomberg,1
richard falk bloomberg,1
tim adams.,1
-- david wu,1
legit,1
steve mollenk,1
thomas outrage last night,1
banker doug flynn,1
steve mullen kopf,1
stevehas mullen kopf,1
coke,1
o'hanlon,1
gentler kim,1
labor tom perez,1
thebuffett,1
simon kennedy,1
lynn brown's,1
ben rogoff,1
bill ackerman,1
roberta wohlstetter,1
patty mary,1
john goldman,1
rick snyder,1
babysitter,1
bloomberg west senior,1
johnbe replaced thornton,1
edwards norton,1
barrick,1
aornton,1
tony larusso,1
robby cox,1
ps four,1
buym,1
kumar,1
david stern's,1
ken rogoff,1
larry levin,1
familys,1
ann simpson,1
satmberg stephanie ruhle,1
gordon,1
manchester united,1
angela markel's,1
evan longoria,1
sephia lorenz,1
philip schor,1
jaffe katzenberg,1
pandora;s,1
michael b jordan,1
marley allten,1
thai mps,1
thick fog,1
captures mandela,1
again.o,1
i. nelson mandela,1
alex len international,1
rod smyth,1
james earl carter,1
helton,1
pounds,1
josé li,1
martha swift,1
rose,1
weak yen;k,1
youeo killer,1
khrushchev,1
jamie dimon this,1
♪  one,1
ifel nicholas,1
mary barra's,1
ammon,1
brian moynihan,1
nicholas racing,1
ed roberts,1
nelsen mandela,1
havee,1
bena,1
♪  lululemon founder,1
ed lee,1
gary silver,1
llaly,1
michael casey,1
qantas,1
multiplayer,1
dan francisco,1
morrison meyer,1
angus bennett,1
manchester united losing,1
ferris,1
phil johnson's,1
withlumenthal,1
norman lamont,1
christie turlington,1
jill o'neill -- jim o'neal,1
lenny,1
lenin,1
theatya nadella,1
michael heyman,1
embargoed cuba,1
vnik,1
m&aou,1
mandela wason,1
fiat,1
thomas scarlet,1
bill cohan.st,1
fiat przybilla,1
jennifer lawrence lawrence,1
willloomberg,1
♪  daniel hurwitz,1
ddr ceo,1
francine lacqua's,1
bill cohan,1
tom eggers,1
rightill .1%,1
bankll,1
withlliam cohan,1
osborne,1
thomas cook,1
max carney,1
baliy,1
mayeron meyer,1
james place,1
efficienciese,1
♪ ♪  budget,1
♪  haim saban,1
fine,1
ed ton,1
musclehuge,1
him nelson,1
john donna hill,1
mary barranca,1
attaboy chewy.,1
acceleration;t,1
howomorrow,1
john don,1
penny mac,1
akerson,1
bitterlyner,1
ken feld,1
a. ebay,1
angel nelson mandela,1
att,1
ken benson,1
disinflationn,1
makeut,1
willrmer,1
leon glass,1
f.w. de,1
shao lin martial,1
klerk;im,1
burton,1
lorentz,1
lamont,1
cannotther,1
forou,1
cyber5,1
loomberg west,1
agreements?l,1
.40,1
greenbrier,1
premiums,1
andr,1
chilton,1
zoosk,1
justin smith,1
john roundup,1
arne duncan,1
aaron spiegel,1
eric spiegel,1
eb,1
micro-,1
♪  good,1
streamlineng,1
jong,1
robert raiola,1
peter thiel thiel,1
ebay enterprise,1
attaboy chewy,1
sheryl sandburg,1
♪ schatzker,1
john donohoe,1
mary cheney,1
jim whitaker,1
willie nelson,1
mark cuban's,1
dan ammon,1
steve gersky,1
ed whitacre,1
carol masser,1
kurt kuehp,1
jeffrey haslet,1
arecord,1
mark ari's,1
tois,1
walt,1
betty white,1
dave reichert,1
phil mickelson,1
anna scott,1
jerry inzerillo,1
mandella first,1
alan stephen,1
puttingr,1
achel,1
him.--,1
crowds milledn,1
ken feinberg,1
rex phil,1
andy lee leeway,1
budweiser,1
wayne one,1
♪ airlineorld's,1
bloomberg.com/tv,1
david ellison,1
austin nichol's,1
markl star,1
jesse erwin,1
geo,1
rick stengel,1
jack russo,1
mary childs,1
ron burkle,1
bas,1
nelson mandella first,1
ron merkel's,1
lien,1
evelyn,1
rohani leeway,1
blockchain.info,1
pilingdy,1
mark crampton,1
sue keenan,1
luxuryke,1
janie,1
deal,1
leonardo da vinci,1
wright,1
john bane,1
jerry brown,1
madison square,1
closer,1
grass,1
wendy kept,1
heer,1
large john -- cory erlichman,1
joel ross,1
dinnersrom mcdonald's,1
ki-moon,1
hackathon,1
la ura,1
xinhua truck,1
hasmaker porsche,1
cano,1
aboutdo,1
aen,1
clayton kershaw,1
franco,1
martin jeffries,1
steven mcmillan,1
everett,1
basics,1
ibeacon,1
aret,1
bill kenton,1
tom cruise,1
soldce lee,1
dan lobe,1
ronald castro,1
ben stiller's,1
..o.'s,1
arnold,1
adam burke,1
disadvantage.t,1
paul volker,1
eu leaders have,1
david kirk patrick,1
bill bennett's,1
acman,1
frozen,1
richard fisher,1
jargon alert,1
mark arden,1
lazada,1
hick hillary clinton,1
areok,1
mac donald,1
happened;-,1
in0,1
lucy macdonald,1
jacques,1
blumenthal,1
david lk kirkpatrick,1
brendon brown,1
att miller,1
yellin,1
david stockman arch,1
nokiae,1
tom kean,1
down.e,1
dick doiben,1
usid stockman,1
formatt,1
duenald,1
lew david,1
tim geithner,1
scott rigell,1
tom ford,1
bitcoin;e,1
hellas jeff bezos,1
payingas talking,1
lawson,1
jim stricker,1
macdonald,1
qe,1
michael jeffries,1
rob capito,1
♪  harley davidson,1
enda spin,1
shet,1
politicallye,1
aser,1
mel karmazin,1
matthew miller's,1
george washington university's,1
itrs know,1
trap,1
helga,1
matt mccormick,1
nigella lawson's,1
my e.,1
loser,1
sarah palin,1
martin bashir,1
showst,1
alex baldwin,1
yzlett,1
tim higgins,1
fitsan arena 20;000 people and about 4000 people,1
adam lambert,1
xboxsoft,1
homawe ybody,1
ourwatch hilton,1
♪  bloomberg tv,1
victoria nuland,1
landon,1
john burbank,1
mar,1
chuck williams,1
popene,1
rulee,1
groups arey,1
it;is,1
eric schatzker,1
weed,1
kets,1
john butler,1
nonfarmingd,1
tom perez.,1
johng,1
campushnson,1
tells bloomberg,1
tocia,1
erica,1
martin luther,1
ashley vance,1
diageo,1
nelson mandelan,1
alan nachman,1
kathle sebelius,1
chris gomez,1
♪ hack-a-thons,1
talking hilton,1
jeff solomon,1
beno,1
nelson manda,1
jeffrey swanson,1
dumbstruck,1
owe livelivia,1
smith,1
promoting ed,1
gegattailgate.miami,1
rams,1
shel shelby.,1
s. ♪,1
michael loves,1
bill miller,1
legg mason,1
the hilton i.p.o.,1
chewbacc ♪,1
sson,1
pal v. pfpp,1
rob marc,1
hilmar,1
startedald,1
.alue,1
mark hilton,1
john gray,1
adam williams,1
marcher thercard,1
septemberrk,1
tom speaking,1
lunch money,1
rob johnson,1
bill jabbar,1
magic johnson,1
bloomberg ng,1
jack ormer,1
ge.t,1
tom per,1
pointne keller,1
constantine,1
katina mountanos,1
katina,1
andho,1
reduce 8000do,1
community mailboxes,1
theelson,1
♪ mandela,1
michelle vaughan,1
obama paying,1
anthony,1
chuck wilson,1
♪  littleton,1
elton mandela,1
todd helton,1
elizabeth whitman,1
♪ pre-k's,1
bashar al assad,1
joanna shields,1
becomeng,1
motzart,1
adam levineth,1
bing gordon,1
douglas elliman,1
susan,1
douglas marketing,1
rupert murdoch's,1
♪ clark's,1
night.s,1
richard haas,1
fw de klerk,1
frozen burrito,1
opposing40,1
scripps,1
lee low,1
jobivate-,1
abe salve,1
hamilton,1
antonio,1
samee china,1
gigi,1
ray stier,1
kitty next two,1
stanton,1
tomcarlet fu,1
lin catalogue,1
john campbell,1
chman,1
marley,1
mia scarlet,1
historyed africana,1
doingo,1
broad jobeyond,1
judd gregg,1
anda,1
richard branson's,1
colin coleman,1
amityville horror,1
ellen kullman,1
alan butler,1
klerk,1
♪  matt miller's,1
nigel wilson,1
ç#p10;000,1
kathleen,1
danley fisher,1
larry george w.ho,1
♪  nigel wilson,1
eleni giokos,1
jennifer,1
jennifer morris,1
ali honey boo-boo,1
lars peter hanson,1
bart chilton,1
francoise englert,1
peter higgs,1
robert shiller,1
jenny dixon,1
martha graham,1
approached,1
♪  david burd,1
♪  more,1
350;00,1
brian schwartz,1
mugabe mandela,1
xi jinping,1
xi,1
dana,1
shelton hamm,1
carol massar ticks,1
in.r,1
corey johnson,1
hill ferguson's,1
played hisela,1
mervyn king,1
alson mandela,1
garrett.,1
steven,1
kickstarter,1
carl closer,1
forcelli,1
mary burroughs,1
were.re,1
similar ton,1
motorsan,1
memorialize mandela,1
mugabe,1
brown,1
insert,1
deborah gillis,1
dharma brush,1
resin clinton,1
knobs,1
avenuereason,1
band.y,1
aung sun suu,1
donald linson,1
sullivan one,1
demeanor andin,1
paul mccartney,1
jessica caldwell,1
margin.e,1
legacymuch,1
chang aboutwith john donahoe,1
aboutohn,1
calvin,1
follett,1
george walker bush,1
chris williams,1
al gore,1
rizzo,1
arasu,1
bloomberg west:,1
welborn,1
donna,1
hayzlett,1
conn,1
amy adams,1
micki krimmel,1
karaoke machine,1
madeleine andight,1
♪ rex,1
operator,1
b. riley,1
know paul ryan,1
john thomas,1
hurwitz,1
ceo-- dan,1
mary havingk about five,1
pat russo,1
newshe spinoff,1
jason rotman,1
washington cook,1
jackie norris,1
lauren bush lauren,1
alex pettyfer,1
us,1
michelle obama's,1
have donedelli,1
nardelli,1
james borow,1
startworry,1
y'allal,1
you'rens,1
joseph stiglitz.,1
arey,1
g.o.'s,1
michael porter,1
robert hurt,1
bri mexico,1
hour.s,1
wally,1
colberg,1
michael carney,1
finallyar,1
alex dale,1
onie,1
alex deal,1
bob inman news,1
bush lauren,1
john looks,1
paul martin,1
obama p.r,1
patty merry,1
pcs metro,1
gs k,1
diane johnson,1
♪ michael,1
big bucksup,1
ed lazier,1
♪ foxconn,1
carolyn hyde,1
c.e.o.,1
bloomberg hisd,1
jesus --t,1
♪  i am francine lacqua,1
problem.e,1
hikes,1
wheeler,1
stephen jones,1
angel,1
silvio berlusconi,1
jeff clavier,1
decidedng,1
stephane richard,1
eu membership,1
leaders,1
madeline albright,1
the hilton,1
ato nelson mandela,1
overcomela,1
al hunt',1
greg bell,1
generic viagra,1
willie pratt,1
isbloomberg,1
vuitton isk louis,1
tom brown,1
theme,1
david kurt,1
david crowell,1
david k,1
michael mckay,1
ashton knocks,1
douglas fir emma,1
henry romp hang,1
heng,1
bookif,1
becker fromcowan,1
red.tty liu,1
betty liu ',1
bloomberg contributor,1
tom keene tweet,1
kim .ardashian,1
jim taylor,1
morrison,1
mikhail kohodorkovsky,1
holidayrapup,1
inch tv,1
bricks,1
puma biotechnology,1
alan market,1
walter mitty',1
sandra bullock,1
sweeney ofu,1
paul bloomberg,1
mikhail indorkovsky,1
loopat,1
chris smith,1
havell,1
jim taylor.r,1
tim taylor,1
mikhail kota koski,1
khail khodorkovsky,1
taly,1
al al-di,1
♪ doern pro,1
n. elliott,1
putin pardoned,1
lawrence,1
easy khodorkovsky,1
pitchs elliott,1
books.t,1
euy laws,1
jeremy clarkson,1
james blake,1
countriesle,1
michelle lee,1
davidonomy kirkpatrick,1
movingan,1
♪ oomberg west.',1
harvey keitel,1
rad,1
cofounder andsaic ceo,1
billy parish,1
hurley,1
lace?s,1
journeys.,1
caroline,1
gatwick airport,1
andnd twitter's,1
knewate,1
caroline hurley,1
forident obama,1
prince,1
bailey,1
youan example,1
conversationn,1
canecb,1
tiedan,1
andhe germany,1
david kurt patrick,1
george michael,1
mel c.,1
businessst,1
year14,1
morele,1
thinkgton,1
michele lee,1
scrooge johnson,1
adam jansen,1
aar memorial,1
doris kearns,1
teddy roosevelt,1
mozilla,1
arctic landputin's,1
wendy l,1
wendy lehman,1
richard f,1
might0,1
vladimir cuban,1
morgan,1
bob cratchit,1
simon callow,1
jill lepore,1
john romano,1
salman rushdie,1
tweet us,1
adam playing,1
karl marx,1
me.o kohl,1
lonnie chen,1
havebilbo,1
theater cook,1
edward snowden's,1
dothey,1
inn gm,1
max baucus',1
warren buffett,1
musician justin,1
christina aguilera,1
justin,1
adam dench,1
louis,1
louis cameecause st,1
jim.,1
louis allow,1
mao zedong,1
john forster,1
dickens transcribes,1
tv+,1
bloomberg one,1
moretflix,1
forll,1
elton paul mccartney,1
andy kershaw,1
ps xbox,1
and%,1
♪ is'the wolf,1
jim cheyne,1
cheyne,1
kathleen sibelius,1
bob iger,1
dealix,1
abby,1
pas,1
data30 a.m.,1
targetpany,1
vance,1
netflix,1
wasrviews,1
edwin drood,1
putin afoul,1
david copperfield',1
benjamin franklin,1
christopher hitchens,1
phyllis hattis,1
picassos,1
tom conlin,1
howardor davidowitz,1
susan cole's,1
west,1
btc.ne,1
henry romp,1
susan li,1
bloomberg terminals,1
bob iger's,1
theor,1
erik schatzker's,1
quinta,1
david martin,1
ross clark jones,1
rackspace,1
louis bags,1
kirk yang,1
abe khodorovsky,1
asia.t,1
david zeb,1
retina,1
becausel song,1
xiao mei,1
marketsxt,1
kospi,1
grace wu,1
teenageng,1
stephen,1
haslinda amin,1
suthep,1
areas yingluck,1
♪ jpmorgan,1
intoy,1
japanhe,1
adelson,1
bloomberg west mondayhrough,1
michael khodorkovsky,1
abbée,1
louis vuitton handbags,1
customers7,1
g. interestingly,1
boudin,1
kanye west,1
wolfgang puck,1
sheldon ho,1
khodorovsky,1
riven by,1
gordon ramsay,1
beautiful dishes,1
jason addison,1
richard vines,1
gaiam,1
abu baton,1
bugati,1
leonard,1
caligula,1
kny,1
reboundseen,1
bloomberg zillow marks,1
mark austin,1
charlie davidson,1
steve schaefer,1
antonio galoni,1
dia,1
behringer.r,1
andt,1
chuck,1
borton,1
jackie,1
mccain nelson,1
obama trustworthy,1
w bush,1
resident bush,1
dan points,1
works zuckerberg,1
zeller,1
yellen,1
andon john leonard,1
getoday,1
andrew ruben,1
bob stazio,1
john leonard m.i.t..,1
howdy,1
jeff zucker berg,1
thomas hurtle,1
jay-z's,1
deutsche telekom,1
opponents,1
licensed m.d.,1
adam jackson,1
brian robbins,1
bernanke saidben,1
rightto,1
indira lakshmanan,1
laxman secretary,1
towford,1
pound mike,1
sewnid,1
alex.,1
h.,1
max wolf,1
coryie johnson,1
restaurantsicago,1
meredith corporation,1
dardener five,1
jay solomon,1
reason,1
leanna,1
chino,1
gwyneth paltrow's,1
vicki escarra,1
houseg,1
forecast ofy,1
toelliott gotkine,1
whatto santa,1
mark peter,1
draperomberg west,1
alan rosen,1
flatbush.,1
kim jong-i,1
marie antoinette's,1
zarif,1
tom frieman,1
joe letteri,1
equities,1
tom freeman,1
star dennis,1
people,1
reese,1
doggyr,1
dennis rodman korea,1
leslie ticker,1
jonathan hanna,1
terry brown,1
philip,1
bashir,1
marilyn monroe,1
charles heiseick,1
ioseph,1
eric schatz,1
ia,1
robert gordon,1
louis vuitton's,1
onlycé,1
comeng,1
tom brady's,1
thomas consumer,1
lotre,1
richard kenwrath,1
thomas ken summgensimer,1
liu,1
ofy,1
mikael khodorkovsky's,1
♪ maxwell,1
towardsdrift,1
dumlesd umas,1
ryanair,1
♪ pulse;'me,1
junkie.,1
lohman,1
chinr,1
joseph bank,1
robert stays,1
bill martin,1
george zimmer,1
santa claus,1
alex girard,1
walletse,1
jimmy fallon,1
jimmy,1
amdo,1
♪  mexico's,1
johnny earl,1
ross bowen,1
rob sanderson,1
pamela,1
joe mansion,1
elliott walken,1
indianer,1
nicole miller reagan,1
peter top,1
edward snowdent leak,1
ourcan,1
da kota,1
morebuild,1
john isis,1
talkre,1
witht,1
.7,1
kreski,1
bloomberg miami,1
haveng,1
snackwell withne,1
♪ gary gensler,1
mel,1
nomar smith,1
best0,1
mark mahaney,1
biggestn,1
angelina jolie,1
al hunt names,1
andf rich,1
blake shelton,1
brendan,1
dan long,1
eighton seven,1
llingtuesdays,1
tim tompkins,1
♪ mamas,1
jim paid,1
tom brady fan,1
rick nelson,1
andin fred burton,1
nick russian,1
john mccarville,1
gifs,1
wouldo,1
diy laser guy,1
thealesci,1
wejustin,1
loberg,1
¢,1
liu'n,1
jeff bezos',1
kenneth stern,1
eagles,1
ken senna,1
henry meyer,1
aack,1
kho dorkovsky,1
greeley,1
rendon grilli,1
friendster,1
greeley brendan greeley,1
tom wachtel,1
james franco's,1
bobby kennedy,1
rondo lauder,1
phyllis haddis,1
larry smith,1
george baselitz,1
♪ s,1
john templeton,1
efficiencyre,1
san jose,1
kramer levin,1
yan,1
paul ryan.,1
dan snyder,1
robert griffin iii,1
aon skin,1
cboe,1
kearns,1
imler hasr,1
betty book,1
andy warhol,1
minoritye,1
john the carmel,1
mark ellwood,1
bean,1
mark young,1
john mccarver,1
tim cooktion,1
tochina,1
versus stanford,1
glen howard,1
craig johnson,1
koran,1
jim recurs,1
china.l,1
kelly,1
apple sharehe buyback,1
ackman,1
dan loeb.,1
dan loeb himself,1
jin,1
waynd,1
ken huffman,1
troublesson,1
john macek,1
pat robertson,1
john zimmer,1
coatedls,1
hertz,1
record eras,1
areumer,1
s. michael purve levkovich,1
♪ ♪  happy,1
tina martin,1
♪ ♪  i,1
jim schwartz,1
matt.g,1
you.n,1
mary berra,1
ivan,1
know.d,1
larry leibowitz,1
easley china,1
michael elliott,1
♪  barbecues,1
pimm fox's,1
james joss,1
daniel craig,1
latecomer,1
mike willis,1
foras,1
beard,1
eric wedge,1
notwill,1
kurtz,1
looksil,1
john belushi,1
expert.nsult,1
winston churchill,1
bollinger peter,1
tomcarlet fu keene,1
andrew miller,1
eve bloomberg surveillance,1
krispy kreme,1
nick.,1
al levin,1
sean o'connell,1
robert downey,1
jr,1
iam,1
bb biplane,1
robert downey junior,1
anthony jenkins,1
karl rove,1
andrew mason,1
coulds schumer,1
yearll,1
todman,1
kick around,1
ball moren,1
alan molly,1
steve phil,1
heard phil,1
romani willnnie,1
♪  new york city,1
alongan,1
♪  ken burns,1
chart,1
michael graham,1
samuel,1
anthony jake,1
abbey,1
matt levine,1
jay henderson,1
sam ♪,1
inas jack,1
helstein,1
ricky,1
marvin traub,1
john varvatos,1
peter strom,1
strom,1
jeff madoff,1
james fallon,1
audrey,1
hitha prabhakar,1
liz dunn,1
likee many,1
♪  rachel,1
palomar,1
jim moon,1
.99,1
mikhail khodorkovsky's,1
swan,1
lifshitz,1
gary cooper,1
matt shay,1
michael gross,1
nielsen,1
josh roger,1
airline,1
more2030,1
rick member,1
adam johnson trish regan,1
miles,1
deliverry,1
betty lewis,1
rachel,1
.itchen,1
chris armstrong,1
e. coli,1
robert cook,1
susan crawford,1
carol cox,1
♪  ralph lauren,1
fromt,1
♪  comedian steve,1
harry mount,1
mark rothko's,1
nordstrom,1
michael pachter,1
mona safabakhsh,1
ron conway,1
macau pataca,1
eo.by vid,1
theattack,1
daye,1
♪ card,1
clara wells,1
bloomberg businessweek 's,1
josh greenstein,1
no.e,1
♪  obama's,1
eveng,1
helen mirren,1
greg johnson,1
anchorfree,1
mark sebastian,1
judy,1
branson,1
philomena,1
david powell,1
gordon chang,1
♪  3500,1
melissa zeller,1
haveelyn,1
karl,1
charts;e,1
peak,1
fu,1
amazon guarantees,1
justin beaver,1
james livingston,1
swag bags,1
peter selva,1
andy dick smirk,1
anar enthusiast,1
forot tom,1
tom tom keene,1
caracol ♪,1
tim million,1
patrick swayze,1
siegal,1
john manley,1
tom gordon.,1
himton,1
dinardo grinder,1
barry miller,1
ken prepare,1
louis winthrop,1
edison lightbulbs,1
againstre,1
ps,1
jenny mccarthy,1
jonah hill,1
kraft andg,1
bloomberg news,1
pauley,1
zara kessler,1
michael scharf,1
americorps,1
michael sharpe,1
♪ant jesus,1
burnett,1
both;we,1
itt place,1
yes.o,1
barrels ofd 50;000,1
textron,1
kitty,1
cyberdo know,1
.hase,1
showw,1
glass dan,1
arerground apps,1
rick thomas,1
jim o'donnell,1
toas dan,1
♪  south dakota,1
wendy 14,1
♪ \  this,1
jason garrett,1
google glass,1
jennifer fritchey,1
jennifer deal;che,1
jennifer fritzsche,1
dan aykroyd's,1
♪ ofleonardo dicaprio ',1
oberg,1
billboard,1
thrones'er,1
baker hughes,1
julie;,1
scott covers,1
bmw definitely,1
ron buyingextr,1
adam johnson's,1
worships aon,1
tom wouldnch,1
north american,1
big leap.musk's,1
john toner,1
tea m.,1
cessna,1
minivan,1
brad,1
dwayne johnson,1
addepublicans,1
poem,1
coogan,1
burns,1
demet's;21 million,1
jennifer fleiss,1
hoodie,1
jack ma,1
marissa mayer's,1
andrew bennett,1
righ t. washington,1
sam commands,1
daynd mcdonald's,1
mark anderson,1
arianne,1
naughton,1
orissa meyer,1
matt g. miller,1
scoop jackson,1
vincent van gogh,1
candidacy hasy,1
bezos,1
♪ mongolia,1
beingia kashmir,1
cashmere mixup,1
edward conard,1
theill be,1
focus;y,1
screeno,1
glaxosmithkline,1
nasdaqjudge,1
matthew levine,1
hilton hotels,1
robberydy,1
carlson,1
sus kahane,1
us andlee,1
john barrett,1
paul goodman,1
olivia sterns,1
bloomberg west anker,1
hisin,1
jumpingsury yields,1
hugo miller,1
john thain,1
jon stewart,1
steve swartz,1
cal ripken junior,1
cal ripken,1
noxosmithkline,1
steve cohen fund,1
tim mayer,1
este mallette,1
fromlesci,1
comic bookou,1
executes markg zuckerberg's,1
jackie triplett,1
cory monteith,1
ies.randa,1
mark hardy,1
s. s. tesla,1
serena williams,1
daniel levy,1
dick costello,1
robert mitchum,1
♪  surveillance,1
♪  bloomberg television,1
lastu,1
robert rich,1
bolivia,1
dvorak come,1
-- carnegiedica hall,1
porac dvorak,1
theanna goldman,1
bernie sanders,1
joe courtney,1
levy,1
sebastian jens,1
greene,1
ron the,1
jenny,1
rex tillerson,1
david boyd,1
dave clark,1
william miller,1
onmberg,1
howard davis,1
boris johnson,1
yeti,1
goldsmith,1
nicolas sarkozy,1
david ray,1
onne,1
caroline hine,1
c-17,1
memichael mckee,1
sold.n,1
bob boden kirk,1
james whitten,1
kristen bell,1
pfizer,1
euro zone,1
7:30 bloomberg tv,1
paul a. young's,1
paul young,1
caramel,1
paul a.,1
theman,1
wolfgang,1
thomas alcatel lucent,1
zeb eckert,1
gerry,1
it'swill,1
beautician parisa,1
williammorris,1
eric viagra,1
jackie chan,1
lisa,1
viagra,1
hans nichol,1
exhibit a.,1
hans join,1
suicide,1
wayne indiana,1
beme,1
caremark,1
fed,1
michael holland,1
am zon's,1
worldwide,1
graeme mackay,1
john manslaughterer,1
o'neill,1
elliot,1
randy lamb,1
mark honeycutt,1
steve nd hans,1
ryan chill coat,1
rhine hart,1
michael buble's,1
william bratton,1
littleit,1
ene,1
jeff gordon,1
jimmie johnson,1
tom selleck,1
eric kusin,1
andrew young,1
matt harrigan,1
madonna metallica,1
jamesd farrell,1
♪  cool,1
dan roseman,1
greg benson,1
bloomberg tom,1
erik schatzker earlier,1
bigt,1
rick lake,1
ross,1
stocku,1
xboxox,1
john compton,1
terry v. ohio,1
michael lay's,1
testimoniala,1
michael jordan's,1
others.sabathia,1
himiam bratton,1
leople,1
kerry versus,1
newille brandon,1
historic,1
newsroom,1
♪  jeff bezos,1
countries.o,1
chris purkey,1
chief kauffman,1
fazes,1
'omberg,1
jump inr,1
tait,1
korea'sheard,1
licosan,1
polishedto,1
david adrian,1
radar,1
john farrell,1
10%e,1
nicholas,1
andhe gold,1
campbell wilson,1
manufacturingse,1
decline ine,1
willys,1
businessid,1
trilogyckson,1
xi jinping's,1
ndrc,1
richard gibbs,1
data,1
pepco,1
michelle num,1
simas,1
bhp,1
julie bass,1
awe,1
jenny chase,1
♪ moncler's,1
ruth david,1
mane,1
versus metro,1
gabrielle,1
joerg asmussen,1
greetham,1
morel,1
mark ashley,1
ncler,1
michael anker guy johnson,1
amongok,1
curacao facial technology,1
belfort,1
leslie looks,1
tet cho,1
meansthe house,1
david stern helpe,1
toolbox,1
globald,1
menendez,1
al hunt's,1
andy reid,1
gary johnson,1
paul long,1
mostng,1
thatloomberg,1
mark czar,1
mark .uckerberg,1
catcho,1
q. bloomberg,1
punke,1
keteer,1
steve moll,1
eric brandon,1
tom rell itch,1
john himself,1
comfortablee,1
david e.,1
bad kerry,1
john podesto,1
ken parks,1
hossain rahman,1
kristin clayton's,1
prince bandar,1
bob ferguson,1
talulah riley,1
eric noble,1
borro,1
borro founder,1
got galloway,1
michelle obama,1
ross greenberg,1
joed bobby,1
sergey brin's,1
sarah freier,1
tell bloomberg,1
aarlie cook,1
belfort.e,1
cler,1
thel,1
linda smith,1
ofgle,1
theohn,1
architecturey,1
mark cameron,1
blackberry,1
steve job's,1
paul global,1
krisher,1
ita,1
points;aq,1
jimmy dimon,1
andf hour,1
leonardo dicaprio,1
milestoneant,1
williams berg,1
loty,1
taber,1
al franken,1
♪ ng,1
.loomberg,1
learott carter,1
michael riley cover,1
jonwas john leonard,1
dan chaffee,1
kathleen king,1
toyou,1
keith alexander,1
rice,1
davidson,1
deal cameron,1
spinoff,1
wouldon linkedin,1
yearsy gaga,1
kmart,1
pants?u,1
olga,1
market.fell,1
scott carter,1
asstars leonardo,1
keith mcnaughton,1
reasonablys,1
arabia,1
robert zimmer,1
jesse jackson,1
joan fontaine,1
theaty perry,1
bloomberg howo,1
jimmy doolittle,1
james mussina,1
here;ething,1
caroline hite,1
sigmund gabrielle,1
von der leyen,1
putin tomorrow,1
john addressing,1
roger altman's,1
gore,1
hubby jay-z. ',1
montclair,1
♪  midmorning,1
david lean,1
support hose,1
nic thompson,1
richard groep,1
richard falcon wrap,1
n f.,1
stephen montcalm,1
bob ben moshe a.,1
fora,1
aig left,1
thei,1
robert amodeo,1
big ron dane fan,1
turcotte ♪,1
michael douglas,1
bighina,1
biggestbuffett,1
groups john malone,1
logic,1
theyyou,1
gavin andreessen,1
tope,1
rogers,1
david cameron's,1
blob bla bla,1
bla,1
thomas hertl,1
seth,1
phil beyoncé fan,1
robert levinson,1
ahmadinejad,1
wen jiabao's,1
thou shalt,1
ehud barak,1
haveis,1
greatmember,1
morelis,1
i-4,1
james grant,1
jay brinkman,1
kandi village,1
coming?e,1
germany.ember,1
phil beyonce fan,1
turkish lira i'm,1
matthew carr,1
hu jin,1
withre,1
merkel'sng,1
trott,1
qua gwyneth paltrow,1
botega,1
emelda marcos,1
vladimir putin.,1
taper;re,1
♪ \,1
hussein kanji,1
karen karen parsons,1
putin this,1
cane,1
justident putin,1
kale khodorkovsky,1
havee u.s.,1
fellow beyonce fan,1
nottingham,1
life;o,1
♪ ♪  ok,1
mark sucker berg,1
dave kronister,1
prince william,1
kate middleton,1
ho --fbrau house,1
munich,1
bbtc china,1
beis,1
winnebago,1
eatingids,1
♪ andt,1
guinness,1
michael hanson,1
katie,1
steve cohen.,1
billcarl greg,1
mobilebile apps,1
mike rex,1
us havee,1
roche roger rodham,1
gonzales,1
alex mcgeorge,1
kevin chou,1
sann,1
godiva,1
jim goldman,1
ourberry tort truffle,1
corvette,1
scott shober,1
dan kamisky,1
scott bok,1
usedo yukos,1
yukos,1
u.n.,1
did;at,1
♪ bloomberg television,1
matthew martel mug,1
michael ward,1
kathryn,1
mcconnell,1
julia roberts,1
justin thisf,1
notr,1
♪ jeff bezos,1
ory johnson,1
scott cutler,1
kryza money,1
kraut,1
degree,1
luke putkonen,1
dennis rom,1
♪ ♪  nike,1
michael strahan,1
arian foster,1
berg west,1
putin para,1
what9 putin,1
theikhail khodorkovsky,1
jones,1
paul moritz,1
willem marx,1
job ofve,1
guyid,1
seens,1
theill introduce,1
tfs guru,1
ron.  mort,1
mort,1
jeanresident names,1
juste,1
ed henry,1
ed,1
clapper,1
workingl,1
rihanna,1
thomas mann,1
midas,1
crowley,1
fred hutch,1
lori cwachs,1
william marx,1
karenf,1
mk g. oracle,1
join sanford,1
chuck prince,1
ralphurberry lauren,1
john chen's,1
peter o'toole's,1
tavarez,1
rodman,1
shapiro,1
wemas,1
burson marsteller,1
one s. ruhle,1
karl marx's,1
pospisil,1
putin yesterday,1
onsident putin,1
yeltsin,1
starto,1
james stanford,1
eric anderson,1
michael vance,1
box.um,1
esa,1
saint nicholas,1
shatner,1
steve wozniak,1
bad julie,1
point;y,1
benjamin moore's,1
realty tracker,1
phil meddling,1
jimmy yellow,1
washingtonom,1
edward snowden-type,1
dan china,1
brian west.,1
annie,1
jumprolloff,1
anderson,1
ryan miller,1
mac au,1
♪ keene,1
esther george misses,1
♪  good afternoon,1
william morrison deller,1
justin timberlake.,1
boomer,1
cory,1
orowitz,1
scott kupor,1
mike morel,1
orissa myrick,1
easzy e.  we,1
paul rocher,1
governors;d,1
money;'me,1
history;--,1
max weinstein,1
bloomberg td,1
shell samberg,1
tomichael mckee,1
charlie evans,1
william morris back,1
leslie picker,1
bloomberg headquarters,1
withth anastasia,1
theill talk,1
van ellis.urg,1
obama administration,1
theridriksson,1
dan hill,1
wyatt andrews,1
kevin hall,1
mary jacobson,1
stephen s,1
quek,1
qe qe,1
abbott labs,1
twerking;l,1
leann,1
nixon,1
gine,1
william morris's,1
steinberg sort,1
cook,1
carl tannenbaum's,1
james patterson,1
cousin,1
rupert murdoch news corp.,1
evan percent,1
heid,1
bloomberg west stories,1
mobile.dunkin card,1
josh rabinowitz,1
ron anchoring,1
michael leiby,1
michael brown junior,1
stanley fischer's,1
greenspan bernanke,1
matt brown,1
mike brown's,1
mike brown,1
carl tannenbaum,1
♪  ben bernanke,1
george pine,1
banke,1
jamie butters,1
abouteater,1
charlie ergen,1
moreush,1
erik schatzker.,1
ernankenanke,1
william morris one,1
patsy,1
harry dent,1
sandra miller,1
neil richardson,1
gavin andresen,1
♪ money;'me,1
legit rocher's,1
lesson,1
paul bucher,1
gavin,1
mac pro.,1
chris cristina alesci,1
gisele buncdchen,1
callspatty murray,1
rise.mir putin,1
barbara lee,1
larry steinberg,1
matthew martone,1
stephen cohen,1
dean henry thisbe,1
peter henry,1
kylemberg businessweek',1
i. t.  can,1
♪  cut,1
part zuckerberg,1
bill eichmann,1
bill akerman,1
couric,1
apple kicking,1
anna bager,1
hearam,1
kennedy,1
senator tom,1
gary locke,1
loop thosen ',1
is.nd,1
door3,1
pwc head,1
alanknuckman,1
nick hilton,1
drama inre,1
♪ ♪ generation;e,1
ken griffey jr.,1
jarden,1
jonathan earlier this weekend,1
joshua green doing,1
matt g gmail your,1
jack mock,1
bloomberg west every day,1
hershey,1
david byrne,1
alan young,1
thebloomberg,1
--io gabelli's,1
marielle cavalli,1
weatherford,1
air shuttle,1
chris myers,1
rex ryan,1
caroline heidi,1
surprised,1
simon goodfellow,1
kathy hart,1
tom gipson,1
thei wish i christmas',1
slade,1
van batenburg,1
--h,1
frank,1
benefitd,1
juniorist ben bradlee,1
john gant,1
alan baerga,1
a330s,1
hans nichols.,1
bayer,1
ben bernanke bern,1
ron burgundy-esq,1
adam smith,1
formd,1
david stanger,1
peter orszag thomas,1
gabelli,1
peter orszag am,1
ine hyde,1
peter orzag,1
airasia,1
ging,1
giftwrap,1
ben bernanke;om,1
astrazeneca,1
godld,1
tosident obama,1
matt millerotto,1
