Entity,Type,Start Position,End Position,File
2000,DATE,134,138,test1.txt
"fiscal 20             12, 2011",DATE,164,194,test1.txt
2010,DATE,199,203,test1.txt
Exercisable Options,PRODUCT,225,245,test1.txt
Wtd,PERSON,252,255,test1.txt
Wtd,PERSON,284,287,test1.txt
2,CARDINAL,313,314,test1.txt
2009,DATE,316,320,test1.txt
"625,633",CARDINAL,321,328,test1.txt
10.36,CARDINAL,331,336,test1.txt
"625,633",CARDINAL,337,344,test1.txt
10.36,CARDINAL,347,352,test1.txt
"17,648",CARDINAL,376,382,test1.txt
10.62,CARDINAL,385,390,test1.txt
"78,209",CARDINAL,402,408,test1.txt
12.08,CARDINAL,411,416,test1.txt
"May 1, 2010",DATE,417,428,test1.txt
"529,776",CARDINAL,429,436,test1.txt
10.10,CARDINAL,439,444,test1.txt
"529,776",CARDINAL,445,452,test1.txt
10.10,CARDINAL,455,460,test1.txt
"150,075",CARDINAL,484,491,test1.txt
6.85,CARDINAL,494,498,test1.txt
"96,934",CARDINAL,510,516,test1.txt
13.03,CARDINAL,519,524,test1.txt
"April 30, 2011",DATE,525,539,test1.txt
"282,767",CARDINAL,540,547,test1.txt
10.82,CARDINAL,548,553,test1.txt
"282,767",CARDINAL,554,561,test1.txt
10.82,CARDINAL,562,567,test1.txt
"21,975",CARDINAL,591,597,test1.txt
9.02,CARDINAL,600,604,test1.txt
"9,427",CARDINAL,616,621,test1.txt
11.32,CARDINAL,624,629,test1.txt
"April 28, 2012",DATE,630,644,test1.txt
"251,365",CARDINAL,645,652,test1.txt
10.96,CARDINAL,655,660,test1.txt
"251,365",CARDINAL,661,668,test1.txt
10.96,CARDINAL,671,676,test1.txt
"April 28, 2012",DATE,700,714,test1.txt
Wtd,PERSON,722,725,test1.txt
"128,355",CARDINAL,775,782,test1.txt
10.50,CARDINAL,785,790,test1.txt
0.1,CARDINAL,791,794,test1.txt
"123,010",CARDINAL,795,802,test1.txt
11.44,CARDINAL,803,808,test1.txt
1.1,CARDINAL,809,812,test1.txt
"251,365",CARDINAL,813,820,test1.txt
10.96,CARDINAL,823,828,test1.txt
F-20,CARDINAL,829,833,test1.txt
"METHODE ELECTRONICS, INC.",ORG,834,859,test1.txt
CONSOLIDATED FINANCIAL,ORG,886,908,test1.txt
thousands,CARDINAL,939,948,test1.txt
RSA,ORG,1059,1062,test1.txt
RSU,ORG,1069,1072,test1.txt
"2010, 2007,",DATE,1098,1109,test1.txt
2004,DATE,1110,1114,test1.txt
2000,CARDINAL,1119,1123,test1.txt
"April              28, 2012",DATE,1351,1378,test1.txt
"6,329",MONEY,1388,1393,test1.txt
3.2 years,DATE,1516,1525,test1.txt
"fiscal 2012, 2011",DATE,1570,1587,test1.txt
2010,DATE,1592,1596,test1.txt
Compensation Expense,ORG,1598,1619,test1.txt
Fiscal 2012,DATE,1619,1631,test1.txt
Fiscal 2011,DATE,1631,1643,test1.txt
"Fiscal 2010
2010",DATE,1643,1659,test1.txt
"1,415",CARDINAL,1679,1684,test1.txt
642,CARDINAL,1687,1690,test1.txt
924,CARDINAL,1700,1703,test1.txt
"1,033",CARDINAL,1704,1709,test1.txt
553,CARDINAL,1726,1729,test1.txt
200,CARDINAL,1730,1733,test1.txt
2010,DATE,1742,1746,test1.txt
"2,892",CARDINAL,1760,1765,test1.txt
"1,875",CARDINAL,1768,1773,test1.txt
2007,DATE,1778,1782,test1.txt
309,CARDINAL,1802,1805,test1.txt
343,CARDINAL,1808,1811,test1.txt
421,CARDINAL,1814,1817,test1.txt
775,CARDINAL,1832,1835,test1.txt
788,CARDINAL,1836,1839,test1.txt
450,CARDINAL,1840,1843,test1.txt
2007,DATE,1850,1854,test1.txt
"1,084",CARDINAL,1868,1873,test1.txt
"1,131",CARDINAL,1876,1881,test1.txt
871,CARDINAL,1884,1887,test1.txt
"3,976",CARDINAL,1917,1922,test1.txt
"3,006",CARDINAL,1925,1930,test1.txt
871,CARDINAL,1933,1936,test1.txt
6,CARDINAL,1937,1938,test1.txt
U.S.,GPE,2037,2041,test1.txt
3%,PERCENT,2105,2107,test1.txt
"1,326",MONEY,2208,2213,test1.txt
"1,261",MONEY,2216,2221,test1.txt
"1,429",MONEY,2227,2232,test1.txt
"fiscal 2012, 2011",DATE,2236,2253,test1.txt
2010,DATE,2258,2262,test1.txt
F-21,CARDINAL,2278,2282,test1.txt
"METHODE ELECTRONICS, INC.",ORG,2283,2308,test1.txt
CONSOLIDATED FINANCIAL,ORG,2335,2357,test1.txt
thousands,CARDINAL,2388,2397,test1.txt
7,CARDINAL,2422,2423,test1.txt
April 28,DATE,2535,2543,test1.txt
2012,DATE,2545,2549,test1.txt
April 30,DATE,2550,2558,test1.txt
2011,DATE,2560,2564,test1.txt
"2,664",CARDINAL,2622,2627,test1.txt
"2,731",CARDINAL,2630,2635,test1.txt
"9,539",CARDINAL,2656,2661,test1.txt
"2,679",CARDINAL,2662,2667,test1.txt
"1,212",CARDINAL,2684,2689,test1.txt
"1,417",CARDINAL,2690,2695,test1.txt
"13,415",CARDINAL,2696,2702,test1.txt
"6,827",CARDINAL,2703,2708,test1.txt
"4,472",CARDINAL,2781,2786,test1.txt
"2,845",CARDINAL,2787,2792,test1.txt
"1,488",CARDINAL,2825,2830,test1.txt
"1,200",CARDINAL,2831,2836,test1.txt
"5,282",CARDINAL,2868,2873,test1.txt
"4,523",CARDINAL,2874,2879,test1.txt
"15,112",CARDINAL,2910,2916,test1.txt
"17,447",CARDINAL,2917,2923,test1.txt
"1,152",CARDINAL,2947,2952,test1.txt
"1,868",CARDINAL,2953,2958,test1.txt
591,CARDINAL,2977,2980,test1.txt
494,CARDINAL,2981,2984,test1.txt
963,CARDINAL,3003,3006,test1.txt
926,CARDINAL,3007,3010,test1.txt
150,CARDINAL,3036,3039,test1.txt
"24,303",CARDINAL,3070,3076,test1.txt
"26,411",CARDINAL,3077,3083,test1.txt
"24,520",CARDINAL,3114,3120,test1.txt
"12,404",CARDINAL,3121,3127,test1.txt
"1,393",CARDINAL,3148,3153,test1.txt
888,CARDINAL,3171,3174,test1.txt
808,CARDINAL,3175,3178,test1.txt
"80,164",CARDINAL,3179,3185,test1.txt
"69,076",CARDINAL,3186,3192,test1.txt
"57,279",CARDINAL,3218,3224,test1.txt
"54,015",CARDINAL,3225,3231,test1.txt
"22,885",CARDINAL,3258,3264,test1.txt
"15,061",CARDINAL,3265,3271,test1.txt
"9,470",CARDINAL,3298,3303,test1.txt
"8,234",CARDINAL,3306,3311,test1.txt
"3,529",CARDINAL,3358,3363,test1.txt
"3,778",CARDINAL,3366,3371,test1.txt
"15,072",CARDINAL,3390,3396,test1.txt
"4,456",CARDINAL,3397,3402,test1.txt
"9,131",CARDINAL,3422,3427,test1.txt
"9,470",CARDINAL,3434,3439,test1.txt
"8,234",CARDINAL,3442,3447,test1.txt
the Company ha,ORG,3514,3541,test1.txt
345,MONEY,3573,3576,test1.txt
"April 28, 2012",DATE,3580,3594,test1.txt
Company,ORG,3757,3764,test1.txt
"April 28, 2012",DATE,4123,4137,test1.txt
"57,279",MONEY,4204,4210,test1.txt
ASC,ORG,4233,4236,test1.txt
740,CARDINAL,4241,4244,test1.txt
Income Taxes,WORK_OF_ART,4247,4259,test1.txt
fiscal 2010,DATE,4420,4431,test1.txt
federa             l,ORG,4471,4491,test1.txt
U.S.,GPE,4492,4496,test1.txt
prior years,DATE,4507,4518,test1.txt
recent years,DATE,5081,5093,test1.txt
"F-22
METHODE ELECTRONICS, INC.",PRODUCT,5361,5391,test1.txt
CONSOLIDATED FINANCIAL,ORG,5418,5440,test1.txt
thousands,CARDINAL,5471,5480,test1.txt
NOL,ORG,5917,5920,test1.txt
future years,DATE,6041,6053,test1.txt
"20,989",MONEY,6115,6121,test1.txt
a twenty year,DATE,6134,6147,test1.txt
"3,532",MONEY,6214,6219,test1.txt
the current year,DATE,6325,6341,test1.txt
future years,DATE,6403,6415,test1.txt
"1,393",MONEY,6477,6482,test1.txt
ten-year,DATE,6497,6505,test1.txt
Malta,GPE,6530,6535,test1.txt
30%,PERCENT,6574,6577,test1.txt
quali,ORG,6589,6607,test1.txt
$24.4 million,MONEY,6645,6658,test1.txt
"April 28, 2012",DATE,6665,6679,test1.txt
$17.6 million,MONEY,6985,6998,test1.txt
"April 28, 2012",DATE,7005,7019,test1.txt
the fourth quarter of fiscal 2012,DATE,7059,7092,test1.txt
"9,012",MONEY,7107,7112,test1.txt
U.S.,GPE,7125,7129,test1.txt
"38,000",MONEY,7264,7270,test1.txt
"9,012",MONEY,7468,7473,test1.txt
"Fiscal Year Ended
April 28",DATE,7539,7565,test1.txt
"2012
April 30",DATE,7567,7580,test1.txt
2011,DATE,7582,7586,test1.txt
May 1,DATE,7587,7592,test1.txt
2010,DATE,7594,7598,test1.txt
"32,418",CARDINAL,7618,7624,test1.txt
"20,658",CARDINAL,7630,7636,test1.txt
"20,018",CARDINAL,7642,7648,test1.txt
"43,791",CARDINAL,7666,7672,test1.txt
"35,120",CARDINAL,7673,7679,test1.txt
"27,835",CARDINAL,7680,7686,test1.txt
"11,373",CARDINAL,7721,7727,test1.txt
"14,462",CARDINAL,7730,7736,test1.txt
"7,817",CARDINAL,7739,7744,test1.txt
"Fiscal Year Ended
April 28",DATE,7813,7839,test1.txt
"2012
April 30",DATE,7841,7854,test1.txt
2011,DATE,7856,7860,test1.txt
May 1,DATE,7861,7866,test1.txt
2010,DATE,7868,7872,test1.txt
36,CARDINAL,7891,7893,test1.txt
"2,703",CARDINAL,7897,7902,test1.txt
"11,356",CARDINAL,7908,7914,test1.txt
"5,672",CARDINAL,7925,7930,test1.txt
"4,179",CARDINAL,7931,7936,test1.txt
"1,339",CARDINAL,7937,7942,test1.txt
533,CARDINAL,7950,7953,test1.txt
345,CARDINAL,7957,7960,test1.txt
61,CARDINAL,7963,7965,test1.txt
"5,175",CARDINAL,7975,7980,test1.txt
"1,131",CARDINAL,7981,7986,test1.txt
"9,956",CARDINAL,7988,7993,test1.txt
119,CARDINAL,8023,8026,test1.txt
"3,198",CARDINAL,8028,8033,test1.txt
"4,827",CARDINAL,8036,8041,test1.txt
"2,058",CARDINAL,8051,8056,test1.txt
"2,009",CARDINAL,8060,8065,test1.txt
835,CARDINAL,8069,8072,test1.txt
"1,939",CARDINAL,8085,8090,test1.txt
"5,207",CARDINAL,8094,8099,test1.txt
"3,992",CARDINAL,8102,8107,test1.txt
"3,236",CARDINAL,8137,8142,test1.txt
"4,076",CARDINAL,8146,8151,test1.txt
"5,964",CARDINAL,8157,8162,test1.txt
"F-23
METHODE ELECTRONICS, INC.",ORG,8165,8195,test1.txt
CONSOLIDATED FINANCIAL,ORG,8222,8244,test1.txt
thousands,CARDINAL,8275,8284,test1.txt
"Fiscal Year Ended
April 28",DATE,8545,8571,test1.txt
"2012
April 30",DATE,8573,8586,test1.txt
2011,DATE,8588,8592,test1.txt
May 1,DATE,8593,8598,test1.txt
2010,DATE,8600,8604,test1.txt
"4,067",CARDINAL,8636,8641,test1.txt
35.0,CARDINAL,8642,8646,test1.txt
"5,169",CARDINAL,8651,8656,test1.txt
"35.0
%",PERCENT,8657,8663,test1.txt
"2,693",CARDINAL,8666,8671,test1.txt
35.0,CARDINAL,8672,8676,test1.txt
29,CARDINAL,8733,8735,test1.txt
"0.3
%",PERCENT,8736,8741,test1.txt
84,CARDINAL,8742,8744,test1.txt
"0.6
%",PERCENT,8745,8750,test1.txt
637,CARDINAL,8751,8754,test1.txt
"8.3
%",PERCENT,8755,8760,test1.txt
"10,955",CARDINAL,8808,8814,test1.txt
94.3,CARDINAL,8818,8822,test1.txt
"10,640",CARDINAL,8827,8833,test1.txt
72.1,CARDINAL,8837,8841,test1.txt
"4,723",CARDINAL,8846,8851,test1.txt
61.4,CARDINAL,8855,8859,test1.txt
845,CARDINAL,8898,8901,test1.txt
"7.3
%",PERCENT,8902,8907,test1.txt
289,CARDINAL,8908,8911,test1.txt
532,CARDINAL,8918,8921,test1.txt
"6.9
%",PERCENT,8922,8927,test1.txt
FTC,ORG,8959,8962,test1.txt
791,CARDINAL,8965,8968,test1.txt
6.8,CARDINAL,8972,8975,test1.txt
"1,276",CARDINAL,8980,8985,test1.txt
8.6,CARDINAL,8989,8992,test1.txt
337,CARDINAL,8997,9000,test1.txt
4.4,CARDINAL,9004,9007,test1.txt
251,CARDINAL,9046,9049,test1.txt
2.2,CARDINAL,9053,9056,test1.txt
"2,716",CARDINAL,9061,9066,test1.txt
18.4,CARDINAL,9070,9074,test1.txt
"3,344",CARDINAL,9079,9084,test1.txt
43.5,CARDINAL,9088,9092,test1.txt
293,CARDINAL,9141,9144,test1.txt
3.8,CARDINAL,9148,9151,test1.txt
prior years',DATE,9169,9181,test1.txt
"1,714",CARDINAL,9207,9212,test1.txt
"22.3
%",PERCENT,9213,9219,test1.txt
"9,613",CARDINAL,9263,9268,test1.txt
"82.7
%",PERCENT,9269,9275,test1.txt
392,CARDINAL,9306,9309,test1.txt
"3.4
%",PERCENT,9310,9315,test1.txt
"5,613",CARDINAL,9316,9321,test1.txt
"38.0
%",PERCENT,9322,9328,test1.txt
"2,975",CARDINAL,9330,9335,test1.txt
38.6,CARDINAL,9339,9343,test1.txt
287,CARDINAL,9358,9361,test1.txt
"2.5
%",PERCENT,9362,9367,test1.txt
599,CARDINAL,9369,9372,test1.txt
4.1,CARDINAL,9376,9379,test1.txt
132,CARDINAL,9383,9386,test1.txt
"1.7
%",PERCENT,9387,9392,test1.txt
"3,236",CARDINAL,9416,9421,test1.txt
27.9,CARDINAL,9422,9426,test1.txt
"4,076",CARDINAL,9432,9437,test1.txt
27.6,CARDINAL,9441,9445,test1.txt
"5,964",CARDINAL,9452,9457,test1.txt
77.5,CARDINAL,9461,9465,test1.txt
"4,028",MONEY,9494,9499,test1.txt
fiscal 2012,DATE,9503,9514,test1.txt
"5,187",MONEY,9517,9522,test1.txt
2011,DATE,9526,9530,test1.txt
"1,392",MONEY,9536,9541,test1.txt
2010,DATE,9565,9569,test1.txt
fiscal 2011 and,DATE,9575,9590,test1.txt
2010,DATE,9591,9595,test1.txt
"13,208",MONEY,9625,9631,test1.txt
U.S.,GPE,9677,9681,test1.txt
"$93,15             8",MONEY,9915,9935,test1.txt
"approximately $32,605",MONEY,10071,10092,test1.txt
availa,ORG,10101,10120,test1.txt
discontinu             ed operations,ORG,10426,10462,test1.txt
the years ended:,DATE,10483,10500,test1.txt
"Fiscal Year
2012
2011",DATE,10500,10521,test1.txt
2010,DATE,10522,10526,test1.txt
"3,236",CARDINAL,10551,10556,test1.txt
"4,076",CARDINAL,10560,10565,test1.txt
"5,964",CARDINAL,10571,10576,test1.txt
"3,493",CARDINAL,10605,10610,test1.txt
"3,236",CARDINAL,10635,10640,test1.txt
583,CARDINAL,10644,10647,test1.txt
"5,964",CARDINAL,10653,10658,test1.txt
"April 28, 2012",DATE,10667,10681,test1.txt
66,MONEY,10729,10731,test1.txt
66,MONEY,10794,10796,test1.txt
"April 30, 2011",DATE,11032,11046,test1.txt
375,CARDINAL,11049,11052,test1.txt
the current year,DATE,11088,11104,test1.txt
the prior years,DATE,11142,11157,test1.txt
272,CARDINAL,11159,11162,test1.txt
37,CARDINAL,11201,11203,test1.txt
"April 28, 2012",DATE,11217,11231,test1.txt
66,CARDINAL,11234,11236,test1.txt
F-24,CARDINAL,11237,11241,test1.txt
"METHODE ELECTRONICS, INC.",ORG,11242,11267,test1.txt
CONSOLIDATED FINANCIAL,ORG,11294,11316,test1.txt
thousands,CARDINAL,11347,11356,test1.txt
the next twelve months,DATE,11506,11528,test1.txt
ret             urn,ORG,11551,11570,test1.txt
twelve,CARDINAL,11636,11642,test1.txt
the end of the fiscal 2012,DATE,11668,11694,test1.txt
36,MONEY,11877,11879,test1.txt
U.S.,GPE,11885,11889,test1.txt
fiscal year ended,DATE,11938,11955,test1.txt
2009,DATE,11976,11980,test1.txt
"the fiscal years ended May 2, 2009",DATE,11994,12028,test1.txt
u,ORG,12053,12067,test1.txt
59,MONEY,12271,12273,test1.txt
accru             ed for interest,ORG,12274,12307,test1.txt
"April 28, 2012",DATE,12340,12354,test1.txt
265,MONEY,12454,12457,test1.txt
fiscal 2012,DATE,12461,12472,test1.txt
8,CARDINAL,12503,12504,test1.txt
Methode,ORG,12542,12549,test1.txt
Methode,ORG,12604,12611,test1.txt
Methode,ORG,12861,12868,test1.txt
calcul,ORG,12916,12935,test1.txt
"Fiscal Year Ended
April 28",DATE,13227,13253,test1.txt
"2012
April 30",DATE,13255,13268,test1.txt
2011,DATE,13270,13274,test1.txt
May 1,DATE,13275,13280,test1.txt
2010,DATE,13282,13286,test1.txt
"8,383",CARDINAL,13346,13351,test1.txt
"18,845",CARDINAL,13354,13360,test1.txt
"13,655",CARDINAL,13363,13369,test1.txt
655,CARDINAL,13420,13423,test1.txt
"Methode Electronics, Inc.",ORG,13453,13478,test1.txt
"8,383",CARDINAL,13481,13486,test1.txt
"19,500",CARDINAL,13489,13495,test1.txt
"13,655",CARDINAL,13498,13504,test1.txt
"37,366,505",CARDINAL,13584,13594,test1.txt
"37,128,157",CARDINAL,13595,13605,test1.txt
"36,711,925",CARDINAL,13606,13616,test1.txt
"225,475",CARDINAL,13751,13758,test1.txt
"710,511",CARDINAL,13759,13766,test1.txt
"219,679",CARDINAL,13767,13774,test1.txt
"37,591,980",CARDINAL,13889,13899,test1.txt
"37,838,668",CARDINAL,13900,13910,test1.txt
"36,931,604",CARDINAL,13911,13921,test1.txt
0.22,CARDINAL,13970,13974,test1.txt
0.51,CARDINAL,13977,13981,test1.txt
0.37,CARDINAL,13984,13988,test1.txt
0.02,CARDINAL,14019,14023,test1.txt
"$
0.22",MONEY,14051,14057,test1.txt
"0.53
$",MONEY,14060,14066,test1.txt
0.37,CARDINAL,14067,14071,test1.txt
0.22,CARDINAL,14122,14126,test1.txt
0.50,CARDINAL,14129,14133,test1.txt
0.37,CARDINAL,14136,14140,test1.txt
0.02,CARDINAL,14171,14175,test1.txt
"$
0.22",MONEY,14205,14211,test1.txt
0.52,CARDINAL,14214,14218,test1.txt
0.37,CARDINAL,14221,14225,test1.txt
"834,412",CARDINAL,14246,14253,test1.txt
"135,990",CARDINAL,14255,14262,test1.txt
"369,651",CARDINAL,14267,14274,test1.txt
"April 28, 2012",DATE,14331,14345,test1.txt
"April 30, 2011",DATE,14347,14361,test1.txt
"May 1, 2010",DATE,14366,14377,test1.txt
"F-25
METHODE ELECTRONICS, INC.",PRODUCT,14647,14677,test1.txt
CONSOLIDATED FINANCIAL,ORG,14704,14726,test1.txt
thousands,CARDINAL,14757,14766,test1.txt
9,CARDINAL,14791,14792,test1.txt
two,CARDINAL,14997,15000,test1.txt
appr,ORG,15190,15207,test1.txt
dete,ORG,15469,15486,test1.txt
third,ORDINAL,15898,15903,test1.txt
fiscal 2015,DATE,16109,16120,test1.txt
"April 28, 2012",DATE,16125,16139,test1.txt
"April 30, 2011",DATE,16144,16158,test1.txt
"2,881",MONEY,16274,16279,test1.txt
"4,669",MONEY,16286,16291,test1.txt
500,MONEY,16317,16320,test1.txt
fe,ORG,16825,16840,test1.txt
fiscal 2012,DATE,16880,16891,test1.txt
"1,501",MONEY,16903,16908,test1.txt
527,MONEY,16969,16972,test1.txt
fiscal 2011,DATE,16976,16987,test1.txt
474,MONEY,17006,17009,test1.txt
fiscal 2010,DATE,17013,17024,test1.txt
"fiscal 2012, 2011",DATE,17149,17166,test1.txt
2010,DATE,17170,17174,test1.txt
10,CARDINAL,17176,17178,test1.txt
u             s.  We,ORG,17279,17299,test1.txt
third,ORDINAL,17594,17599,test1.txt
Delphi Related Litigation,ORG,18097,18122,test1.txt
"September 4, 2008",DATE,18126,18143,test1.txt
Methode,ORG,18145,18152,test1.txt
Delphi Automotive Systems LLC,ORG,18157,18186,test1.txt
Delphi,ORG,18189,18195,test1.txt
Methode,ORG,18261,18268,test1.txt
Delphi             ’s,ORG,18290,18311,test1.txt
Delphi,ORG,18355,18361,test1.txt
"October 1, 2008 through",DATE,18408,18431,test1.txt
"September 30, 2011",DATE,18432,18450,test1.txt
"August 26, 2009",DATE,18455,18470,test1.txt
Delphi,ORG,18472,18478,test1.txt
"September 10, 2009",DATE,18519,18537,test1.txt
Delphi,ORG,18609,18615,test1.txt
March 2010,DATE,18813,18823,test1.txt
DPH Holdings Corp.,ORG,18825,18843,test1.txt
Delphi Corporation,ORG,18913,18931,test1.txt
Delphi,ORG,18964,18970,test1.txt
approximately $19.7 million,MONEY,19042,19069,test1.txt
Delphi,ORG,19119,19125,test1.txt
90-day,DATE,19157,19163,test1.txt
Delphi,ORG,19194,19200,test1.txt
October 2005,DATE,19224,19236,test1.txt
Delph,PERSON,19257,19275,test1.txt
third,ORDINAL,19369,19374,test1.txt
September,DATE,19406,19415,test1.txt
"28, 2007",DATE,19416,19424,test1.txt
u,ORG,19447,19461,test1.txt
the United States Bankruptcy Court,ORG,19476,19510,test1.txt
the Southern District of N,LOC,19515,19541,test1.txt
Delphi Corporation,ORG,19573,19591,test1.txt
Methode Electronics,ORG,19603,19622,test1.txt
07-2432,DATE,19667,19674,test1.txt
the Complaint,ORG,19714,19741,test1.txt
March 2010,DATE,19792,19802,test1.txt
third,ORDINAL,19853,19858,test1.txt
Delphi,ORG,19891,19897,test1.txt
the un,ORG,20000,20019,test1.txt
Delphi,ORG,20037,20043,test1.txt
Additiona,PERSON,20090,20099,test1.txt
Company,ORG,20121,20128,test1.txt
Bankr             uptcy,ORG,20280,20303,test1.txt
"F-26
METHODE ELECTRONICS, INC.",ORG,20349,20379,test1.txt
CONSOLIDATED FINANCIAL,ORG,20406,20428,test1.txt
thousands,CARDINAL,20459,20468,test1.txt
The Bankruptcy Court,ORG,20508,20528,test1.txt
"July 22, 2010",DATE,20538,20551,test1.txt
the Complaint di,ORG,20557,20586,test1.txt
Delphi,ORG,20699,20705,test1.txt
The Court ove             rruled,ORG,20746,20778,test1.txt
Company,ORG,20783,20790,test1.txt
informa             tion,ORG,21124,21148,test1.txt
11,CARDINAL,21371,21373,test1.txt
"Material Customers
Sales",ORG,21376,21400,test1.txt
two,CARDINAL,21404,21407,test1.txt
two,CARDINAL,21593,21596,test1.txt
18.7%,PERCENT,21620,21625,test1.txt
18.5%,PERCENT,21630,21635,test1.txt
fiscal 2012,DATE,21678,21689,test1.txt
two,CARDINAL,21691,21694,test1.txt
17.9%,PERCENT,21719,21724,test1.txt
17.6%,PERCENT,21729,21734,test1.txt
fiscal 2011,DATE,21791,21802,test1.txt
two,CARDINAL,21807,21810,test1.txt
18.2%,PERCENT,21835,21840,test1.txt
fiscal 2010,DATE,21893,21904,test1.txt
"April 28, 2012",DATE,21909,21923,test1.txt
"April 30, 2011",DATE,21928,21942,test1.txt
"approximately $31,850",MONEY,22024,22045,test1.txt
"44,428",MONEY,22051,22057,test1.txt
"8,260",MONEY,22102,22107,test1.txt
"8,077",MONEY,22113,22118,test1.txt
Maltese,NORP,22141,22148,test1.txt
30 to 60 days,DATE,22220,22233,test1.txt
12,CARDINAL,22342,22344,test1.txt
Restated Credit Agreement,LAW,22393,22418,test1.txt
Bank of America,ORG,22424,22439,test1.txt
N             .A.,ORG,22441,22458,test1.txt
"February 25, 2016",DATE,22571,22588,test1.txt
"75,000",MONEY,22665,22671,test1.txt
"an additional $25,000",MONEY,22737,22758,test1.txt
The Amended and,ORG,23032,23047,test1.txt
Restated Credit Agreement,LAW,23048,23073,test1.txt
ce             rtain,ORG,23091,23111,test1.txt
U.S.,GPE,23119,23123,test1.txt
1,CARDINAL,23184,23185,test1.txt
5%,PERCENT,23199,23201,test1.txt
"April 28, 2012",DATE,23218,23232,test1.txt
fiscal 2012,DATE,23314,23325,test1.txt
"52,000",MONEY,23349,23355,test1.txt
"4,700",MONEY,23386,23391,test1.txt
700,MONEY,23409,23412,test1.txt
Apri,ORG,23461,23465,test1.txt
"l 28, 2012",DATE,23478,23488,test1.txt
"48,0",MONEY,23554,23558,test1.txt
"27,000",MONEY,23588,23594,test1.txt
"Apr             il 28, 2012",ORG,23648,23675,test1.txt
April 28,DATE,23824,23832,test1.txt
201,CARDINAL,23834,23837,test1.txt
2,CARDINAL,23850,23851,test1.txt
F-27,CARDINAL,23853,23857,test1.txt
"METHODE ELECTRONICS, INC.",ORG,23858,23883,test1.txt
CONSOLIDATED FINANCIAL,ORG,23910,23932,test1.txt
thousands,CARDINAL,23963,23972,test1.txt
13,CARDINAL,23997,23999,test1.txt
Segment Information and,ORG,24002,24025,test1.txt
industr,ORG,24592,24612,test1.txt
ASC,ORG,24635,24638,test1.txt
280,CARDINAL,24643,24646,test1.txt
280,CARDINAL,24678,24681,test1.txt
annual,DATE,24697,24703,test1.txt
disclosu,ORG,24800,24821,test1.txt
Maker,ORG,25199,25204,test1.txt
CODM,ORG,25207,25211,test1.txt
CODM,ORG,25258,25262,test1.txt
ASC,ORG,25291,25294,test1.txt
280,CARDINAL,25299,25302,test1.txt
Company,ORG,25311,25318,test1.txt
four,CARDINAL,25440,25444,test1.txt
Power Products,ORG,25525,25539,test1.txt
Original Equipment Manufacturers,ORG,25672,25704,test1.txt
1,CARDINAL,27833,27834,test1.txt
"F-28
METHODE ELECTRONICS, INC.",PRODUCT,28040,28070,test1.txt
CONSOLIDATED FINANCIAL,ORG,28097,28119,test1.txt
thousands,CARDINAL,28150,28159,test1.txt
Fiscal Year Ended April 28,DATE,28253,28279,test1.txt
2012,DATE,28281,28285,test1.txt
"274,681",CARDINAL,28381,28388,test1.txt
"130,572",CARDINAL,28391,28398,test1.txt
"52,447",CARDINAL,28401,28407,test1.txt
"14,036",CARDINAL,28410,28416,test1.txt
"6,641",CARDINAL,28420,28425,test1.txt
"465,095",CARDINAL,28430,28437,test1.txt
"3,074",CARDINAL,28466,28471,test1.txt
"2,864",CARDINAL,28475,28480,test1.txt
434,CARDINAL,28484,28487,test1.txt
105,CARDINAL,28491,28494,test1.txt
"6,477",CARDINAL,28497,28502,test1.txt
"271,607",CARDINAL,28543,28550,test1.txt
"127,708",CARDINAL,28553,28560,test1.txt
"52,013",CARDINAL,28563,28569,test1.txt
"13,931",CARDINAL,28572,28578,test1.txt
164,CARDINAL,28582,28585,test1.txt
"465,095",CARDINAL,28590,28597,test1.txt
"10,045",CARDINAL,28630,28636,test1.txt
"18,127",CARDINAL,28639,28645,test1.txt
"1,698",CARDINAL,28648,28653,test1.txt
217,CARDINAL,28657,28660,test1.txt
"18,296",CARDINAL,28666,28672,test1.txt
"11,357",CARDINAL,28677,28683,test1.txt
504,CARDINAL,28716,28719,test1.txt
108,CARDINAL,28723,28726,test1.txt
7,CARDINAL,28729,28730,test1.txt
317,CARDINAL,28733,28736,test1.txt
288,CARDINAL,28738,28741,test1.txt
474,CARDINAL,28773,28776,test1.txt
"1,636",CARDINAL,28779,28784,test1.txt
94,CARDINAL,28785,28787,test1.txt
52,CARDINAL,28788,28790,test1.txt
"1,036",CARDINAL,28792,28797,test1.txt
272,CARDINAL,28800,28803,test1.txt
"11,023",CARDINAL,28840,28846,test1.txt
"16,599",CARDINAL,28849,28855,test1.txt
"1,597",CARDINAL,28858,28863,test1.txt
269,CARDINAL,28867,28870,test1.txt
"17,577",CARDINAL,28876,28882,test1.txt
"11,373",CARDINAL,28887,28893,test1.txt
"9,012",CARDINAL,28926,28931,test1.txt
"3,011",CARDINAL,28934,28939,test1.txt
"2,281",CARDINAL,28942,28947,test1.txt
784,CARDINAL,28950,28953,test1.txt
"1,071",CARDINAL,28956,28961,test1.txt
"16,159",CARDINAL,28964,28970,test1.txt
"225,814",CARDINAL,28993,29000,test1.txt
"135,549",CARDINAL,29003,29010,test1.txt
"36,490",CARDINAL,29013,29019,test1.txt
"5,827",CARDINAL,29022,29027,test1.txt
32,CARDINAL,29031,29033,test1.txt
"403,648",CARDINAL,29038,29045,test1.txt
"Fiscal Year Ended April 30, 2011",DATE,29046,29078,test1.txt
"228,362",CARDINAL,29174,29181,test1.txt
"139,877",CARDINAL,29184,29191,test1.txt
"50,768",CARDINAL,29194,29200,test1.txt
"13,052",CARDINAL,29203,29209,test1.txt
"3,844",CARDINAL,29213,29218,test1.txt
"428,215",CARDINAL,29223,29230,test1.txt
"2,315",CARDINAL,29259,29264,test1.txt
"1,096",CARDINAL,29268,29273,test1.txt
353,CARDINAL,29277,29280,test1.txt
71,CARDINAL,29284,29286,test1.txt
"3,835",CARDINAL,29289,29294,test1.txt
"226,047",CARDINAL,29335,29342,test1.txt
"138,781",CARDINAL,29345,29352,test1.txt
"50,415",CARDINAL,29355,29361,test1.txt
"12,981",CARDINAL,29364,29370,test1.txt
9,CARDINAL,29374,29375,test1.txt
"428,215",CARDINAL,29380,29387,test1.txt
"13,325",CARDINAL,29420,29426,test1.txt
"19,989",CARDINAL,29429,29435,test1.txt
"3,630",CARDINAL,29438,29443,test1.txt
"2,032",CARDINAL,29447,29452,test1.txt
"18,968",CARDINAL,29458,29464,test1.txt
"15,944",CARDINAL,29469,29475,test1.txt
311,CARDINAL,29508,29511,test1.txt
121,CARDINAL,29515,29518,test1.txt
1,CARDINAL,29521,29522,test1.txt
629,CARDINAL,29525,29528,test1.txt
198,CARDINAL,29529,29532,test1.txt
"2,067",CARDINAL,29561,29566,test1.txt
593,CARDINAL,29568,29571,test1.txt
174,CARDINAL,29574,29577,test1.txt
4,CARDINAL,29578,29579,test1.txt
368,CARDINAL,29581,29584,test1.txt
"1,284",CARDINAL,29587,29592,test1.txt
"11,569",CARDINAL,29629,29635,test1.txt
"20,703",CARDINAL,29638,29644,test1.txt
"3,455",CARDINAL,29647,29652,test1.txt
"2,036",CARDINAL,29656,29661,test1.txt
"19,229",CARDINAL,29667,29673,test1.txt
"14,462",CARDINAL,29678,29684,test1.txt
"7,704",CARDINAL,29717,29722,test1.txt
"3,579",CARDINAL,29725,29730,test1.txt
"2,283",CARDINAL,29733,29738,test1.txt
698,CARDINAL,29741,29744,test1.txt
"1,492",CARDINAL,29747,29752,test1.txt
"15,756",CARDINAL,29755,29761,test1.txt
"167,991",CARDINAL,29784,29791,test1.txt
"122,687",CARDINAL,29794,29801,test1.txt
"42,330",CARDINAL,29804,29810,test1.txt
"8,726",CARDINAL,29813,29818,test1.txt
"6,990",CARDINAL,29822,29827,test1.txt
"334,744",CARDINAL,29832,29839,test1.txt
F-29,CARDINAL,29840,29844,test1.txt
"METHODE ELECTRONICS, INC.",ORG,29845,29870,test1.txt
CONSOLIDATED FINANCIAL,ORG,29897,29919,test1.txt
thousands,CARDINAL,29950,29959,test1.txt
"Fiscal Year Ended May 1, 2010",DATE,29984,30013,test1.txt
"203,229",CARDINAL,30109,30116,test1.txt
"124,619",CARDINAL,30119,30126,test1.txt
"40,871",CARDINAL,30129,30135,test1.txt
"9,388",CARDINAL,30138,30143,test1.txt
461,CARDINAL,30147,30150,test1.txt
"377,646",CARDINAL,30155,30162,test1.txt
355,CARDINAL,30193,30196,test1.txt
342,CARDINAL,30200,30203,test1.txt
55,CARDINAL,30207,30209,test1.txt
752,CARDINAL,30212,30215,test1.txt
"203,229",CARDINAL,30256,30263,test1.txt
"124,264",CARDINAL,30266,30273,test1.txt
"40,529",CARDINAL,30276,30282,test1.txt
"9,333",CARDINAL,30285,30290,test1.txt
291,CARDINAL,30293,30296,test1.txt
"377,646",CARDINAL,30299,30306,test1.txt
"16,971",CARDINAL,30375,30381,test1.txt
"12,589",CARDINAL,30384,30390,test1.txt
"3,919",CARDINAL,30393,30398,test1.txt
"2,298",CARDINAL,30402,30407,test1.txt
"15,970",CARDINAL,30413,30419,test1.txt
"15,211",CARDINAL,30424,30430,test1.txt
"5,649",CARDINAL,30446,30451,test1.txt
"1,552",CARDINAL,30455,30460,test1.txt
569,CARDINAL,30464,30467,test1.txt
"7,770",CARDINAL,30475,30480,test1.txt
"11,322",CARDINAL,30523,30529,test1.txt
"11,037",CARDINAL,30532,30538,test1.txt
"3,350",CARDINAL,30541,30546,test1.txt
"2,298",CARDINAL,30550,30555,test1.txt
"15,970",CARDINAL,30561,30567,test1.txt
"7,441",CARDINAL,30572,30577,test1.txt
87,CARDINAL,30611,30613,test1.txt
185,CARDINAL,30617,30620,test1.txt
411,CARDINAL,30627,30630,test1.txt
139,CARDINAL,30631,30634,test1.txt
232,CARDINAL,30658,30661,test1.txt
925,CARDINAL,30662,30665,test1.txt
7,CARDINAL,30667,30668,test1.txt
1,CARDINAL,30671,30672,test1.txt
"1,666",CARDINAL,30674,30679,test1.txt
515,CARDINAL,30683,30686,test1.txt
"11,177",CARDINAL,30723,30729,test1.txt
"10,297",CARDINAL,30730,30736,test1.txt
"3,357",CARDINAL,30737,30742,test1.txt
"2,299",CARDINAL,30744,30749,test1.txt
"14,715",CARDINAL,30753,30759,test1.txt
"7,817",CARDINAL,30764,30769,test1.txt
"10,691",CARDINAL,30802,30808,test1.txt
"4,756",CARDINAL,30811,30816,test1.txt
"1,672",CARDINAL,30819,30824,test1.txt
760,CARDINAL,30827,30830,test1.txt
"1,530",CARDINAL,30833,30838,test1.txt
"19,409",CARDINAL,30841,30847,test1.txt
"127,613",CARDINAL,30870,30877,test1.txt
"125,133",CARDINAL,30880,30887,test1.txt
"31,081",CARDINAL,30890,30896,test1.txt
"7,659",CARDINAL,30899,30904,test1.txt
"19,337",CARDINAL,30907,30913,test1.txt
"310,823",CARDINAL,30916,30923,test1.txt
"F-30
METHODE ELECTRONICS",PRODUCT,30924,30948,test1.txt
CONSOLIDATED FINANCIAL,ORG,30981,31003,test1.txt
thousands,CARDINAL,31034,31043,test1.txt
"years ended April 28, 2012",DATE,31164,31190,test1.txt
"April 30, 2011",DATE,31192,31206,test1.txt
"May 1, 2010",DATE,31211,31222,test1.txt
"Fiscal Year Ended
April 28",DATE,31365,31391,test1.txt
"2012
April 30",DATE,31393,31406,test1.txt
2011,DATE,31408,31412,test1.txt
May 1,DATE,31413,31418,test1.txt
2010,DATE,31420,31424,test1.txt
North America,LOC,31436,31449,test1.txt
"204,697",CARDINAL,31452,31459,test1.txt
"172,082",CARDINAL,31462,31469,test1.txt
"168,121",CARDINAL,31472,31479,test1.txt
Asia Pacific,LOC,31480,31492,test1.txt
"111,550",CARDINAL,31493,31500,test1.txt
"109,049",CARDINAL,31501,31508,test1.txt
"70,159",CARDINAL,31509,31515,test1.txt
Europe,LOC,31516,31522,test1.txt
"148,848",CARDINAL,31523,31530,test1.txt
"147,084",CARDINAL,31531,31538,test1.txt
"139,366",CARDINAL,31539,31546,test1.txt
"465,095",CARDINAL,31549,31556,test1.txt
"428,215",CARDINAL,31559,31566,test1.txt
"377,646",CARDINAL,31569,31576,test1.txt
North America,LOC,31612,31625,test1.txt
"31,992",CARDINAL,31629,31635,test1.txt
"33,953",CARDINAL,31641,31647,test1.txt
"18,183",CARDINAL,31653,31659,test1.txt
Asia Pacific,LOC,31662,31674,test1.txt
"31,052",CARDINAL,31675,31681,test1.txt
"34,306",CARDINAL,31682,31688,test1.txt
"14,657",CARDINAL,31689,31695,test1.txt
Europe,LOC,31696,31702,test1.txt
"12,025",CARDINAL,31703,31709,test1.txt
"14,307",CARDINAL,31710,31716,test1.txt
"11,482",CARDINAL,31717,31723,test1.txt
288,CARDINAL,31758,31761,test1.txt
198,CARDINAL,31763,31766,test1.txt
139,CARDINAL,31770,31773,test1.txt
"11,373",CARDINAL,31778,31784,test1.txt
"14,462",CARDINAL,31787,31793,test1.txt
"7,817",CARDINAL,31796,31801,test1.txt
North America,LOC,31833,31846,test1.txt
"39,742",CARDINAL,31849,31855,test1.txt
"26,505",CARDINAL,31858,31864,test1.txt
"23,085",CARDINAL,31867,31873,test1.txt
Asia Pacific,LOC,31874,31886,test1.txt
"8,819",CARDINAL,31887,31892,test1.txt
"7,867",CARDINAL,31893,31898,test1.txt
"8,968",CARDINAL,31899,31904,test1.txt
Europe,LOC,31905,31911,test1.txt
"28,591",CARDINAL,31912,31918,test1.txt
"27,139",CARDINAL,31919,31925,test1.txt
"29,823",CARDINAL,31926,31932,test1.txt
"77,152",CARDINAL,31935,31941,test1.txt
"61,511",CARDINAL,31944,31950,test1.txt
"61,876",CARDINAL,31953,31959,test1.txt
14,CARDINAL,31960,31962,test1.txt
fiscal 2015,DATE,32121,32132,test1.txt
"4,713",MONEY,32214,32219,test1.txt
"4,313",MONEY,32222,32227,test1.txt
"4,191",MONEY,32233,32238,test1.txt
"fiscal              2012, 2011",DATE,32242,32272,test1.txt
2010,DATE,32277,32281,test1.txt
five fiscal years,DATE,32451,32468,test1.txt
2013,DATE,32470,32474,test1.txt
"3,751",CARDINAL,32477,32482,test1.txt
2014,DATE,32483,32487,test1.txt
"2,920",CARDINAL,32488,32493,test1.txt
2015,CARDINAL,32494,32498,test1.txt
"1,174",CARDINAL,32499,32504,test1.txt
2016,CARDINAL,32505,32509,test1.txt
"1,901",CARDINAL,32510,32515,test1.txt
2017,CARDINAL,32516,32520,test1.txt
35,CARDINAL,32521,32523,test1.txt
"METHODE ELECTRONICS, INC.",ORG,32529,32554,test1.txt
CONSOLIDATED FINANCIAL,ORG,32581,32603,test1.txt
thousands,CARDINAL,32634,32643,test1.txt
15,CARDINAL,32668,32670,test1.txt
"16,215",MONEY,32877,32883,test1.txt
"14,645",MONEY,32889,32895,test1.txt
"the fiscal year ended April 28, 2012",DATE,32902,32938,test1.txt
"April 30, 2011",DATE,32943,32957,test1.txt
16,CARDINAL,33460,33462,test1.txt
three,CARDINAL,33923,33928,test1.txt
•,CARDINAL,33967,33968,test1.txt
•,CARDINAL,34049,34050,test1.txt
•,CARDINAL,34311,34312,test1.txt
3,CARDINAL,34319,34320,test1.txt
"April 28, 2012",DATE,34739,34753,test1.txt
1,CARDINAL,35003,35004,test1.txt
"86,797",CARDINAL,35008,35014,test1.txt
"86,797",CARDINAL,35017,35023,test1.txt
"3,965",CARDINAL,35077,35082,test1.txt
"3,965",CARDINAL,35083,35088,test1.txt
"90,762",CARDINAL,35122,35128,test1.txt
"90,762",CARDINAL,35131,35137,test1.txt
"2,798",CARDINAL,35211,35216,test1.txt
"2,798",CARDINAL,35219,35224,test1.txt
"2,798",CARDINAL,35267,35272,test1.txt
"2,798",CARDINAL,35275,35280,test1.txt
1,CARDINAL,35329,35330,test1.txt
"April 30, 2011",DATE,35517,35531,test1.txt
1,CARDINAL,35781,35782,test1.txt
"57,445",CARDINAL,35786,35792,test1.txt
"57,445",CARDINAL,35795,35801,test1.txt
"4,051",CARDINAL,35855,35860,test1.txt
"4,051",CARDINAL,35861,35866,test1.txt
"61,496",CARDINAL,35900,35906,test1.txt
"61,496",CARDINAL,35909,35915,test1.txt
"3,085",CARDINAL,35989,35994,test1.txt
"3,085",CARDINAL,35997,36002,test1.txt
"3,085",CARDINAL,36045,36050,test1.txt
"3,085",CARDINAL,36053,36058,test1.txt
1,CARDINAL,36107,36108,test1.txt
"F-33
METHODE ELECTRONICS, INC.",PRODUCT,36179,36209,test1.txt
CONSOLIDATED FINANCIAL,ORG,36236,36258,test1.txt
thousands,CARDINAL,36289,36298,test1.txt
17,CARDINAL,36323,36325,test1.txt
quarterly,DATE,36423,36432,test1.txt
"two years ended April 28, 2012",DATE,36476,36506,test1.txt
"April 30, 2011",DATE,36511,36525,test1.txt
Fiscal 2012,DATE,36527,36539,test1.txt
"Quarter Ended
July 30
October 29
January 28",DATE,36539,36582,test1.txt
April 28,DATE,36583,36591,test1.txt
"110,804",CARDINAL,36604,36611,test1.txt
"115,890",CARDINAL,36614,36621,test1.txt
"112,000",CARDINAL,36624,36631,test1.txt
"126,401",CARDINAL,36634,36641,test1.txt
"19,980",CARDINAL,36655,36661,test1.txt
"20,918",CARDINAL,36662,36668,test1.txt
"19,254",CARDINAL,36669,36675,test1.txt
"22,962",CARDINAL,36676,36682,test1.txt
Methode Electronics,ORG,36710,36729,test1.txt
"1,494",CARDINAL,36736,36741,test1.txt
311,CARDINAL,36742,36745,test1.txt
809,CARDINAL,36746,36749,test1.txt
"5,769",CARDINAL,36750,36755,test1.txt
"0.04
$",MONEY,36804,36810,test1.txt
0.01,CARDINAL,36811,36815,test1.txt
0.02,CARDINAL,36818,36822,test1.txt
0.15,CARDINAL,36825,36829,test1.txt
Fiscal 2011,DATE,36830,36842,test1.txt
"Quarter Ended
July 31
October 30
January 29",DATE,36842,36886,test1.txt
April 30,DATE,36886,36894,test1.txt
"98,973",CARDINAL,36907,36913,test1.txt
"107,716",CARDINAL,36916,36923,test1.txt
"102,102",CARDINAL,36926,36933,test1.txt
"119,424",CARDINAL,36936,36943,test1.txt
"19,444",CARDINAL,36957,36963,test1.txt
"23,643",CARDINAL,36964,36970,test1.txt
"19,434",CARDINAL,36971,36977,test1.txt
"26,652",CARDINAL,36978,36984,test1.txt
"4,065",CARDINAL,37038,37043,test1.txt
513,CARDINAL,37045,37048,test1.txt
"5,883",CARDINAL,37051,37056,test1.txt
"9,410",CARDINAL,37057,37062,test1.txt
655,CARDINAL,37117,37120,test1.txt
"Methode Electronics, Inc.",ORG,37155,37180,test1.txt
"4,065",CARDINAL,37183,37188,test1.txt
513,CARDINAL,37192,37195,test1.txt
"5,883",CARDINAL,37200,37205,test1.txt
"10,065",CARDINAL,37208,37214,test1.txt
0.11,CARDINAL,37270,37274,test1.txt
0.01,CARDINAL,37278,37282,test1.txt
0.16,CARDINAL,37287,37291,test1.txt
0.25,CARDINAL,37294,37298,test1.txt
0.02,CARDINAL,37337,37341,test1.txt
0.11,CARDINAL,37374,37378,test1.txt
0.01,CARDINAL,37382,37386,test1.txt
0.16,CARDINAL,37391,37395,test1.txt
0.27,CARDINAL,37398,37402,test1.txt
0.11,CARDINAL,37460,37464,test1.txt
0.01,CARDINAL,37468,37472,test1.txt
0.16,CARDINAL,37477,37481,test1.txt
0.24,CARDINAL,37484,37488,test1.txt
0.02,CARDINAL,37527,37531,test1.txt
0.11,CARDINAL,37566,37570,test1.txt
0.01,CARDINAL,37574,37578,test1.txt
0.16,CARDINAL,37583,37587,test1.txt
0.26,CARDINAL,37590,37594,test1.txt
Fiscal 2012,DATE,37617,37628,test1.txt
first,ORDINAL,37633,37638,test1.txt
second,ORDINAL,37640,37646,test1.txt
third,ORDINAL,37648,37653,test1.txt
fiscal 2012,DATE,37676,37687,test1.txt
Delphi,ORG,37745,37751,test1.txt
"1,047",MONEY,37792,37797,test1.txt
1,MONEY,37800,37801,test1.txt
185,CARDINAL,37815,37818,test1.txt
530,MONEY,37821,37824,test1.txt
940,MONEY,37830,37833,test1.txt
Fiscal 2011,DATE,37871,37882,test1.txt
The second quarter of fiscal 2011,DATE,37883,37916,test1.txt
"3,834",MONEY,37947,37952,test1.txt
Delphi,ORG,38023,38029,test1.txt
the third quarter of,DATE,38086,38106,test1.txt
"2,068",MONEY,38123,38128,test1.txt
"1,766",MONEY,38182,38187,test1.txt
The fourth quarter of fiscal 2011,DATE,38190,38223,test1.txt
655,MONEY,38294,38297,test1.txt
first,ORDINAL,38317,38322,test1.txt
second,ORDINAL,38324,38330,test1.txt
fourth quarter of fiscal 2011,DATE,38355,38384,test1.txt
Delphi,ORG,38442,38448,test1.txt
"1,474",MONEY,38489,38494,test1.txt
924,MONEY,38497,38500,test1.txt
"1,123",MONEY,38503,38508,test1.txt
"1,247",MONEY,38514,38519,test1.txt
F-34,CARDINAL,38548,38552,test1.txt
METHODE ELECTRONICS,ORG,38617,38636,test1.txt
thousands,CARDINAL,38664,38673,test1.txt
COL,ORG,38675,38678,test1.txt
COL,ORG,38682,38685,test1.txt
COL,ORG,38689,38692,test1.txt
"C
COL",ORG,38694,38699,test1.txt
"D.
COL",ORG,38701,38707,test1.txt
"Period
YEAR ENDED APRIL 28, 2012",DATE,38870,38902,test1.txt
"1,140",CARDINAL,38997,39002,test1.txt
495,CARDINAL,39005,39008,test1.txt
48,CARDINAL,39012,39014,test1.txt
1,CARDINAL,39018,39019,test1.txt
308,CARDINAL,39023,39026,test1.txt
2,CARDINAL,39028,39029,test1.txt
"1,279",CARDINAL,39033,39038,test1.txt
"54,015",CARDINAL,39072,39078,test1.txt
"14,792",CARDINAL,39079,39085,test1.txt
4,CARDINAL,39087,39088,test1.txt
"1,306",CARDINAL,39091,39096,test1.txt
1,CARDINAL,39100,39101,test1.txt
"10,222",CARDINAL,39103,39109,test1.txt
5,CARDINAL,39111,39112,test1.txt
"57,279",CARDINAL,39114,39120,test1.txt
"YEAR ENDED APRIL 30, 2011",DATE,39121,39146,test1.txt
"1,102",CARDINAL,39241,39246,test1.txt
249,CARDINAL,39249,39252,test1.txt
304,CARDINAL,39255,39258,test1.txt
1,CARDINAL,39260,39261,test1.txt
515,CARDINAL,39265,39268,test1.txt
2,CARDINAL,39270,39271,test1.txt
"1,140",CARDINAL,39275,39280,test1.txt
"48,402",CARDINAL,39314,39320,test1.txt
"7,088",CARDINAL,39321,39326,test1.txt
4,CARDINAL,39328,39329,test1.txt
582,CARDINAL,39331,39334,test1.txt
1,CARDINAL,39336,39337,test1.txt
"2,057",CARDINAL,39339,39344,test1.txt
"54,015",CARDINAL,39345,39351,test1.txt
"YEAR ENDED MAY 1, 2010",DATE,39352,39374,test1.txt
"1,444",CARDINAL,39469,39474,test1.txt
142,CARDINAL,39477,39480,test1.txt
25,CARDINAL,39483,39485,test1.txt
1,CARDINAL,39487,39488,test1.txt
509,CARDINAL,39492,39495,test1.txt
2,CARDINAL,39497,39498,test1.txt
"1,102",CARDINAL,39502,39507,test1.txt
"51,377",CARDINAL,39541,39547,test1.txt
943,CARDINAL,39548,39551,test1.txt
"1,880",CARDINAL,39552,39557,test1.txt
1,CARDINAL,39559,39560,test1.txt
"5,798",CARDINAL,39562,39567,test1.txt
3,CARDINAL,39569,39570,test1.txt
"48,402",CARDINAL,39572,39578,test1.txt
1,CARDINAL,39619,39620,test1.txt
2,CARDINAL,39691,39692,test1.txt
3,CARDINAL,39750,39751,test1.txt
4,CARDINAL,39853,39854,test1.txt
U.S.,GPE,39911,39915,test1.txt
5,CARDINAL,39917,39918,test1.txt
"F-35
Table of Contents",PRODUCT,40056,40078,test1.txt
3.1,CARDINAL,40124,40127,test1.txt
Certificate of Incorporation of Registrant,ORG,40128,40170,test1.txt
1,CARDINAL,40208,40209,test1.txt
3.2,CARDINAL,40211,40214,test1.txt
2,CARDINAL,40273,40274,test1.txt
4.1,CARDINAL,40276,40279,test1.txt
Article Fourth of Certificate of Incorporation of Registrant,EVENT,40280,40340,test1.txt
3.1,CARDINAL,40411,40414,test1.txt
1,CARDINAL,40417,40418,test1.txt
4.2,CARDINAL,40420,40423,test1.txt
"January 8, 2004",DATE,40453,40468,test1.txt
Methode Electronics,ORG,40477,40496,test1.txt
Mellon Investor Services,ORG,40520,40544,test1.txt
Certif,PERSON,40591,40597,test1.txt
Designation of Series A Junior Participating Preferred Stock of,ORG,40619,40682,test1.txt
Methode              Electronics,ORG,40683,40715,test1.txt
Right Certificate,ORG,40757,40774,test1.txt
Exhi,ORG,40779,40796,test1.txt
the Summary of Rights to Purchase Preferred Shares,WORK_OF_ART,40811,40861,test1.txt
3,CARDINAL,40864,40865,test1.txt
10.2,CARDINAL,40867,40871,test1.txt
Methode Electronics,ORG,40873,40892,test1.txt
Inc. 2000,EVENT,40894,40903,test1.txt
4,CARDINAL,40916,40917,test1.txt
10.3,CARDINAL,40919,40923,test1.txt
Methode Electronics,ORG,40925,40944,test1.txt
Inc. 2004,DATE,40946,40955,test1.txt
5,CARDINAL,40968,40969,test1.txt
10.10,CARDINAL,40971,40976,test1.txt
Control Agreement,ORG,40988,41005,test1.txt
"September 1, 2006",DATE,41012,41029,test1.txt
Methode Electronics,ORG,41038,41057,test1.txt
Donald W. Duda,PERSON,41081,41095,test1.txt
6,CARDINAL,41097,41098,test1.txt
10.11,CARDINAL,41100,41105,test1.txt
Control Agreement,ORG,41117,41134,test1.txt
"September 1, 2006",DATE,41141,41158,test1.txt
Methode Electronics,ORG,41167,41186,test1.txt
Douglas A. Koman,PERSON,41210,41226,test1.txt
6,CARDINAL,41228,41229,test1.txt
10.12,CARDINAL,41231,41236,test1.txt
Control Agreement,ORG,41248,41265,test1.txt
"September 1, 2006",DATE,41272,41289,test1.txt
Methode Electronics,ORG,41298,41317,test1.txt
Thomas D. Reynolds,PERSON,41341,41359,test1.txt
6,CARDINAL,41361,41362,test1.txt
10.14,CARDINAL,41364,41369,test1.txt
Control Agreement,ORG,41381,41398,test1.txt
September,DATE,41405,41414,test1.txt
"14, 2006",DATE,41415,41423,test1.txt
"Methode Electronics             , Inc.",ORG,41432,41470,test1.txt
Theodore P. Kill,PERSON,41475,41491,test1.txt
7,CARDINAL,41493,41494,test1.txt
10.15,CARDINAL,41496,41501,test1.txt
Control Agreement,ORG,41513,41530,test1.txt
September,DATE,41537,41546,test1.txt
"14, 2006",DATE,41547,41555,test1.txt
"Methode Electronics             , Inc.",ORG,41564,41602,test1.txt
Timothy R. Glandon,PERSON,41607,41625,test1.txt
7,CARDINAL,41627,41628,test1.txt
10.16,CARDINAL,41630,41635,test1.txt
First Amendment,WORK_OF_ART,41637,41652,test1.txt
Methode Electronics,ORG,41656,41675,test1.txt
Inc. 2000,EVENT,41677,41686,test1.txt
Dec,DATE,41714,41730,test1.txt
"14, 2006",DATE,41736,41744,test1.txt
8),CARDINAL,41746,41748,test1.txt
10.17,CARDINAL,41749,41754,test1.txt
Restated Restricted Stock,ORG,41768,41793,test1.txt
Award Agreement,PERSON,41799,41814,test1.txt
"June 18, 2004",DATE,41880,41893,test1.txt
Methode Electronics,ORG,41902,41921,test1.txt
Donald W. Duda,PERSON,41945,41959,test1.txt
8),CARDINAL,41961,41963,test1.txt
10.18,CARDINAL,41964,41969,test1.txt
Restated Restricted Stock,ORG,41983,42008,test1.txt
Award Agreement,PERSON,42014,42029,test1.txt
Clif,WORK_OF_ART,42047,42064,test1.txt
"June 18, 2004",DATE,42091,42104,test1.txt
Methode Electronics,ORG,42113,42132,test1.txt
W. Duda,PERSON,42163,42170,test1.txt
8),CARDINAL,42172,42174,test1.txt
10.21,CARDINAL,42175,42180,test1.txt
Restated Restricted Stock,ORG,42194,42219,test1.txt
Award Agreement,PERSON,42225,42240,test1.txt
"June 15, 2005",DATE,42306,42319,test1.txt
Methode Electronics,ORG,42328,42347,test1.txt
Donald W. Duda,PERSON,42371,42385,test1.txt
9,CARDINAL,42387,42388,test1.txt
10.22,CARDINAL,42390,42395,test1.txt
Restated Restricted Stock,ORG,42409,42434,test1.txt
Award Agreement,PERSON,42440,42455,test1.txt
"August 7, 2006",DATE,42521,42535,test1.txt
Methode Electronics,ORG,42544,42563,test1.txt
Donald W. Duda,PERSON,42587,42601,test1.txt
9,CARDINAL,42603,42604,test1.txt
10.23,CARDINAL,42606,42611,test1.txt
Methode Electronics,ORG,42613,42632,test1.txt
Inc. 2007,DATE,42634,42643,test1.txt
10,CARDINAL,42656,42658,test1.txt
10.27,CARDINAL,42660,42665,test1.txt
RSA Award Agreement,PERSON,42681,42700,test1.txt
10,CARDINAL,42702,42704,test1.txt
10.28,CARDINAL,42706,42711,test1.txt
Control Agreement,ORG,42723,42740,test1.txt
July,DATE,42747,42751,test1.txt
"15, 2008",DATE,42752,42760,test1.txt
Methode Electronics,ORG,42769,42788,test1.txt
Inc,ORG,42790,42806,test1.txt
Ronald L. G. Tsoumas,PERSON,42812,42832,test1.txt
11,CARDINAL,42834,42836,test1.txt
10.32,CARDINAL,42838,42843,test1.txt
Control Agreement,ORG,42876,42893,test1.txt
12,CARDINAL,42895,42897,test1.txt
10.33,CARDINAL,42899,42904,test1.txt
"Methode Electronics, Inc.",ORG,42906,42931,test1.txt
2010,DATE,42932,42936,test1.txt
13,CARDINAL,42958,42960,test1.txt
10.34,CARDINAL,42962,42967,test1.txt
"Methode Electronics, Inc. 2010 Stock Plan",ORG,42969,43010,test1.txt
13,CARDINAL,43012,43014,test1.txt
10.35,CARDINAL,43016,43021,test1.txt
2010,DATE,43033,43037,test1.txt
Methode Electronics,ORG,43058,43077,test1.txt
Non-Qualified Stock              Option,ORG,43084,43123,test1.txt
13,CARDINAL,43146,43148,test1.txt
10.36,CARDINAL,43150,43155,test1.txt
2010,DATE,43167,43171,test1.txt
Methode Electronics,ORG,43192,43211,test1.txt
Performance Based R,EVENT,43218,43250,test1.txt
14,CARDINAL,43288,43290,test1.txt
10.37,CARDINAL,43292,43297,test1.txt
2010,DATE,43309,43313,test1.txt
"Methode Electronics, Inc.",ORG,43334,43359,test1.txt
14,CARDINAL,43417,43419,test1.txt
10.38,CARDINAL,43421,43426,test1.txt
2010,DATE,43438,43442,test1.txt
Methode Electronics,ORG,43463,43482,test1.txt
14,CARDINAL,43546,43548,test1.txt
10.39,CARDINAL,43550,43555,test1.txt
2010,DATE,43567,43571,test1.txt
Methode Electronics,ORG,43592,43611,test1.txt
14,CARDINAL,43664,43666,test1.txt
10.40,CARDINAL,43668,43673,test1.txt
2010,DATE,43685,43689,test1.txt
"Methode Electronics, Inc.",ORG,43710,43735,test1.txt
Amendment,CARDINAL,43744,43753,test1.txt
Control Agreement,ORG,43780,43797,test1.txt
14,CARDINAL,43799,43801,test1.txt
10.42,CARDINAL,43803,43808,test1.txt
Restated Credit Agreement,LAW,43821,43846,test1.txt
"February 25, 2011",DATE,43859,43876,test1.txt
"Method             e Electronics, Inc.",ORG,43883,43921,test1.txt
"the Borrower, Bank of America N.A.",ORG,43925,43959,test1.txt
15,CARDINAL,44031,44033,test1.txt
21,CARDINAL,44080,44082,test1.txt
Inc.,DATE,44120,44124,test1.txt
23,CARDINAL,44125,44127,test1.txt
31.1,CARDINAL,44157,44161,test1.txt
13a-14(a)/15d-14(a,CARDINAL,44167,44185,test1.txt
31.2,CARDINAL,44232,44236,test1.txt
13a-14(a)/15d-14(a,CARDINAL,44242,44260,test1.txt
32,CARDINAL,44307,44309,test1.txt
18,CARDINAL,44365,44367,test1.txt
1350,CARDINAL,44383,44387,test1.txt
101,CARDINAL,44388,44391,test1.txt
1,CARDINAL,44462,44463,test1.txt
8-K,QUANTITY,44505,44508,test1.txt
"January 9, 2004",DATE,44515,44530,test1.txt
2,CARDINAL,44584,44585,test1.txt
"December 17, 2010",DATE,44637,44654,test1.txt
3,CARDINAL,44708,44709,test1.txt
8,CARDINAL,44751,44752,test1.txt
"January 8, 2004",DATE,44761,44776,test1.txt
4,CARDINAL,44830,44831,test1.txt
10,CARDINAL,44873,44875,test1.txt
"the three months ended October              31, 2000",DATE,44882,44934,test1.txt
5,CARDINAL,44975,44976,test1.txt
8-K,QUANTITY,45018,45021,test1.txt
"December 7, 2004",DATE,45028,45044,test1.txt
incorpor,ORG,45050,45071,test1.txt
6,CARDINAL,45098,45099,test1.txt
8-K,QUANTITY,45141,45144,test1.txt
"September 6, 2006",DATE,45151,45168,test1.txt
7,CARDINAL,45222,45223,test1.txt
8-K,QUANTITY,45265,45268,test1.txt
"September 18, 2006",DATE,45275,45293,test1.txt
incorp,ORG,45299,45318,test1.txt
8),CARDINAL,45347,45349,test1.txt
10,CARDINAL,45390,45392,test1.txt
"the three months ended January              27, 2007",DATE,45399,45451,test1.txt
9,CARDINAL,45492,45493,test1.txt
8-K,QUANTITY,45535,45538,test1.txt
"April 6, 2007",DATE,45545,45558,test1.txt
10,CARDINAL,45612,45614,test1.txt
8-K,QUANTITY,45656,45659,test1.txt
"September 19, 2007",DATE,45666,45684,test1.txt
incorp,ORG,45690,45709,test1.txt
11,CARDINAL,45738,45740,test1.txt
10-K,QUANTITY,45782,45786,test1.txt
July,DATE,45793,45797,test1.txt
"17, 2008",DATE,45798,45806,test1.txt
12,CARDINAL,45860,45862,test1.txt
8-K,QUANTITY,45904,45907,test1.txt
"20, 2009",DATE,45919,45927,test1.txt
13,CARDINAL,45981,45983,test1.txt
"October 20, 2010",DATE,46035,46051,test1.txt
incorpor,ORG,46057,46078,test1.txt
14,CARDINAL,46105,46107,test1.txt
"November 12, 2010",DATE,46159,46176,test1.txt
15,CARDINAL,46230,46232,test1.txt
10,CARDINAL,46274,46276,test1.txt
"March 3, 2011",DATE,46285,46298,test1.txt
11 or 12,CARDINAL,46594,46602,test1.txt
the Securities Act,LAW,46606,46624,test1.txt
1933,DATE,46628,46632,test1.txt
section 18,LAW,46687,46697,test1.txt
the Securities Exchange Act,ORG,46701,46728,test1.txt
1934,DATE,46732,46736,test1.txt
